RowID,CustomerName,Segment
3,Bonnie Potter,Corporate
5,Ronnie Proctor,Home Office
11,Marcus Dunlap,Home Office
14,Gwendolyn F Tyson,Small Business
15,Timothy Reese,Small Business
16,Sarah Ramsey,Small Business
18,Laurie Hanna,Small Business
19,Jim Rodgers,Small Business
21,Tony Wilkins Winters,Small Business
24,Edna Thomas,Corporate
27,Guy Gallagher,Corporate
32,Matthew Berman,Corporate
33,Ricky Hensley,Corporate
43,Theodore Moran,Consumer
52,Lorraine Kelly,Corporate
53,Sidney Russell Austin,Corporate
56,Randall Montgomery,Consumer
62,Pam Gilbert,Corporate
64,Lynn Morrow,Small Business
67,Ellen McCormick,Corporate
68,Scott Bunn,Corporate
70,Annette Boone,Corporate
83,Edgar Stone,Corporate
84,Helen Stein,Consumer
87,Norman Shields,Corporate
91,Wallace Werner,Home Office
92,Victoria Baker Hoover,Home Office
94,Eddie House Mueller,Home Office
97,Max McKenna,Home Office
101,Claudia Boyle,Consumer
102,Caroline Johnston,Consumer
107,Lois Hamilton,Consumer
109,Tom McFarland,Consumer
114,Ron Newton,Home Office
115,Dwight M Carr,Home Office
117,Linda Weiss,Home Office
120,Helen H Murphy,Corporate
123,Shawn Stern,Home Office
129,Kara Allison,Small Business
136,Dale Gillespie,Small Business
142,Brooke Weeks Taylor,Small Business
144,Marguerite Moss,Small Business
145,Rhonda Ivey,Small Business
146,Yvonne Fox,Small Business
151,Geoffrey Zhu,Home Office
152,Kent Kerr,Consumer
156,Diana Xu,Corporate
164,Robin Kramer Vaughn,Home Office
166,Vicki Hauser,Consumer
169,Janice Cole,Corporate
171,Christina Matthews,Corporate
181,Wesley Waller,Small Business
184,Phillip Holmes,Small Business
188,Alex Harrell,Corporate
190,Lloyd Norris,Corporate
191,Gerald Kearney,Corporate
193,Danny Hong,Corporate
194,Tammy Goldman,Corporate
197,Samantha Weaver,Small Business
198,Leroy Blanchard,Small Business
202,Max Small,Corporate
210,Floyd Dale,Home Office
211,Anna Wood,Consumer
218,Frances Saunders,Consumer
228,Colleen Andrews,Small Business
233,Michele Bullard,Small Business
234,Don Cameron,Small Business
236,Shawn McIntyre,Corporate
240,Gilbert Scarborough,Small Business
241,Amy Ellis Holder,Small Business
247,Marshall Brandt Briggs,Corporate
250,Brenda Nelson Blanchard,Corporate
254,Brett Hawkins,Home Office
256,Irene Li,Home Office
258,Allan Shields,Consumer
259,Edward Pugh,Consumer
263,Carlos Hess,Small Business
266,Ross Frederick,Corporate
268,James Beck,Home Office
269,Calvin Boyette,Home Office
271,Sam Rouse,Small Business
272,Eleanor Swain,Home Office
275,Roger Blalock Cassidy,Corporate
276,Lucille Rankin,Corporate
282,Vickie Andrews,Corporate
283,Pauline Boyette,Corporate
286,Virginia Gay,Small Business
288,Patricia Cole Blair,Small Business
290,Sara O'Connor,Small Business
306,Thomas McAllister,Small Business
308,Glen Caldwell,Small Business
314,Ruby Gibbons,Corporate
315,Benjamin Kaufman,Corporate
317,Katherine Kearney,Corporate
321,Arthur Lowe Nash,Consumer
326,Brenda May,Consumer
329,Faye Dyer,Home Office
331,Bradley Pollock,Home Office
335,Curtis O'Connell,Corporate
339,Bobby Clements,Corporate
342,Jacqueline Noble,Corporate
343,Lynn Epstein,Corporate
344,Rosemary English,Corporate
349,Kim Weiss,Home Office
351,Juanita Coley Knox,Home Office
353,Bonnie Chambers,Home Office
357,Barbara McNamara,Corporate
358,Chris F Brandt,Corporate
366,Patrick Rosenthal,Small Business
369,Troy Moon,Corporate
370,Sam Oh,Corporate
371,Roberta Mullins Peters,Corporate
373,Jeanne Werner,Small Business
375,Sandra Sharma,Small Business
377,Sylvia Bush,Consumer
381,Danielle Watts,Corporate
383,Renee Alston,Corporate
387,Angela Howe,Corporate
388,Roger Schwartz,Corporate
389,Joel Buckley,Corporate
392,Erica R Fuller,Corporate
393,Shawn Combs,Corporate
395,Monica McCormick,Corporate
397,Denise Carver,Corporate
398,Bruce Stark,Corporate
406,June Frank Hammond,Small Business
408,Calvin Parsons Walter,Corporate
411,Carolyn Proctor,Consumer
421,Scott Feldman,Small Business
428,Ernest Barber,Corporate
437,Alice Berger McIntyre,Small Business
444,Thelma Abrams,Small Business
445,Judy Barrett,Small Business
447,Valerie Moon,Corporate
451,Joyce Murray,Home Office
452,Leslie Rowland,Home Office
453,George Terry,Corporate
460,Anne Armstrong,Home Office
463,Debbie Stevenson,Small Business
466,Marc Nash,Small Business
467,Maria Thomas,Small Business
468,Craig Bennett,Small Business
469,Marion Bowling,Small Business
470,Tony Doyle,Small Business
471,Ross Simpson,Consumer
472,Donna Craven,Consumer
483,Edgar McKenzie,Corporate
485,Edward Leonard,Corporate
487,Molly Vincent,Corporate
488,Ronnie Creech,Corporate
489,Eileen Cheek,Corporate
491,Toni Swanson,Consumer
493,Douglas Buck,Consumer
494,Jimmy Alston Holder,Consumer
497,Steve McKee,Small Business
507,Carol Saunders,Corporate
508,Cameron Owens,Corporate
510,Gregory Rao,Corporate
518,Mark Ritchie,Home Office
522,Aaron Riggs,Small Business
524,Gina McKnight,Consumer
526,April Hu,Home Office
535,Jill Clements,Corporate
539,Alice Coley,Small Business
540,Ruth Lamm,Small Business
547,Henry Ball,Corporate
549,Dennis Boykin Townsend,Corporate
550,Edna Monroe Talley,Corporate
551,Peggy Chan,Corporate
553,Kristine Connolly,Home Office
555,Walter Young,Corporate
556,Kristina Sanders,Home Office
568,Peter McConnell,Consumer
570,Katharine Bass,Consumer
573,Vanessa Winstead,Home Office
576,Gordon Lyon,Corporate
578,Evan K Bullard,Corporate
579,Marlene Abrams,Corporate
580,Kathryn Patrick,Corporate
584,Timothy Currie,Corporate
585,William Larson,Corporate
592,Eva Silverman,Small Business
593,Joel Huffman,Small Business
594,Charlie Moore,Consumer
596,Doris Fitzpatrick,Consumer
597,Alexandra Wise,Small Business
600,Vickie Morse,Corporate
603,Gretchen Ball,Home Office
604,Lindsay P Ashley,Corporate
605,Alison Peters Wooten,Corporate
617,Brett Schultz,Consumer
618,Robert Cowan,Consumer
619,Howard Rogers,Consumer
621,Heather Stern,Home Office
622,Hazel Khan,Home Office
623,Jenny Petty,Home Office
624,Terry Klein,Home Office
627,Scott McKenna,Corporate
635,Juan Justice,Corporate
637,Christopher Bryant,Consumer
638,Brooke Shepherd,Consumer
639,Lois Rowland,Consumer
640,Neal Wolfe,Consumer
646,Robin High,Corporate
648,Steve O'Brien,Home Office
649,Roger Meyer,Home Office
651,Leah Clapp,Consumer
653,Ann Katz,Consumer
657,Derek McCormick,Consumer
659,Marjorie Arthur,Consumer
663,Hilda Bennett,Home Office
665,Miriam Mueller,Corporate
666,Emily Sims,Corporate
667,Allison Kirby,Corporate
669,Amy Shea,Home Office
670,Lewis Baldwin,Home Office
672,Brian Leach,Small Business
674,Albert Frost,Small Business
678,Edward McKenzie,Corporate
679,Katie Dougherty,Corporate
680,Laurence Poe,Corporate
683,Seth Merrill,Small Business
688,Ashley Reese,Small Business
689,Tommy Honeycutt,Small Business
691,Alicia Curtis,Home Office
693,Richard McClure,Small Business
696,Johnny Reid,Corporate
697,Adam G Sawyer,Corporate
698,Nelson Hensley,Corporate
699,Jenny Gold,Consumer
700,Joseph Grossman,Consumer
702,Kelly O'Connor,Consumer
711,Pam Anthony,Consumer
719,Stephen Lam,Corporate
721,Melvin Duke,Corporate
724,Beverly Cooke Brooks,Consumer
727,Lindsay Link,Consumer
731,June Herbert,Consumer
736,Meredith Walters,Consumer
737,Danny Vaughn,Consumer
738,Peggy Rowe,Consumer
741,Stacey Hale,Consumer
744,Joy Maxwell,Corporate
745,Mary Page,Consumer
750,Jordan Wilkinson,Corporate
751,David Wrenn,Corporate
753,Elisabeth Massey,Corporate
754,Helen Lyons,Corporate
757,Neil Hogan,Home Office
759,Bernice F Day,Small Business
762,Stuart Holloway,Small Business
767,Jeffrey Mueller,Corporate
770,Geraldine Puckett,Small Business
771,Deborah Paul,Small Business
772,Jean Webster,Small Business
782,Sarah N Becker,Small Business
783,Carlos Byrd,Small Business
786,Jason Bray,Home Office
792,Holly Pate,Corporate
796,Amanda Conner,Corporate
797,Eileen Riddle,Corporate
799,Lee McKenna Gregory,Consumer
800,Cheryl Guthrie,Consumer
803,Marianne Goldstein,Small Business
806,Judy Singer,Small Business
820,Catherine Mullins,Small Business
823,Christian Albright,Small Business
824,Joann Moser,Small Business
825,Marvin Hunt,Home Office
827,Sheryl Marsh,Home Office
829,Monica Law Thompson,Corporate
830,Douglas Sutton,Corporate
833,Gerald Love,Corporate
850,Jesse Hutchinson,Corporate
851,Helen H Heller,Corporate
853,Leah Davenport,Small Business
854,Karen Hendricks,Corporate
855,Jacob Lanier,Corporate
858,Arthur Brady,Corporate
865,Dana Burgess,Corporate
868,Sharon Ellis,Corporate
871,Sandy Ellington,Home Office
875,Erika Fink,Small Business
880,Ellen Beck,Small Business
885,Malcolm Robertson,Corporate
890,Billie Fowler,Consumer
894,Gail Rankin Cole,Corporate
896,Jennifer Siegel,Corporate
898,Harriet Hodges,Small Business
899,Jordan Berry,Small Business
903,Francis Spivey,Consumer
907,Rachel Casey,Home Office
910,Carla Hauser,Corporate
911,Marsha P Joyner,Corporate
915,Carol Sherrill,Home Office
916,Marion Wilcox,Corporate
918,Kerry Jernigan,Consumer
919,Tracy Livingston,Consumer
920,Jessie Kelly,Corporate
922,Dolores Abrams,Small Business
925,Ruth Dudley,Small Business
929,Calvin Conway,Small Business
936,Robyn Garner,Corporate
937,Kelly Shaw,Corporate
940,Albert Maxwell,Home Office
945,Stephanie Sun Perry,Home Office
946,Denise Parks,Home Office
947,Dorothy Buchanan,Home Office
949,Ernest Oh,Consumer
950,Jane Shah,Consumer
954,Tony Chandler,Small Business
959,Sally House,Corporate
960,Phillip Chappell,Home Office
961,Benjamin Chan,Home Office
962,Yvonne Clarke,Home Office
970,Lynn Payne,Consumer
972,Gregory Holden,Corporate
975,Francis Evans,Corporate
980,Howard Burnett,Corporate
983,Sue Drake,Corporate
993,Gail Currin,Small Business
994,Neal Weber,Small Business
995,Lloyd Spencer,Small Business
997,Phillip Pollard,Small Business
999,Rita Barton,Small Business
1000,Lynn Bell,Small Business
1005,Lloyd Dickson,Small Business
1008,Priscilla Frank,Home Office
1009,Kristin George,Corporate
1014,Theresa Winters,Home Office
1015,Beverly Cameron,Home Office
1016,Francis Sherrill,Home Office
1018,Meredith Humphrey,Home Office
1020,Julie Porter,Small Business
1023,Glen Newman,Small Business
1026,Eugene Kerr,Small Business
1027,Brian Bennett,Small Business
1028,Marguerite Rodgers,Small Business
1035,Kent Burton,Home Office
1036,Jessica Huffman,Home Office
1038,Jon Hale,Corporate
1041,Mildred Chase,Small Business
1042,Jerome Burch,Small Business
1044,Erin Ballard,Home Office
1047,Gayle Pearson,Home Office
1054,Keith R Atkinson,Corporate
1060,Gene Gilliam,Small Business
1062,Willie Robinson,Small Business
1065,Vicki Bond,Corporate
1068,Erik Barr,Home Office
1069,Pam Bennett,Home Office
1072,Marion Owens,Corporate
1075,Theodore Tyson,Home Office
1080,Colleen Fletcher,Corporate
1083,Hazel Dale,Corporate
1085,Ted Dunlap,Home Office
1086,Leon Peele,Home Office
1101,Kimberly McCarthy,Small Business
1103,Sidney Bowling,Home Office
1104,Timothy Ross,Home Office
1106,Maxine Collier Grady,Small Business
1107,Joanna Keith,Small Business
1108,Dwight Bishop,Small Business
1109,Dennis Welch,Consumer
1112,Luis Kerr,Corporate
1113,Julia Reynolds,Corporate
1117,Samantha Koch,Home Office
1121,Tonya Proctor,Consumer
1123,Peggy Lanier,Small Business
1124,Randy Jiang,Small Business
1127,Ray Grady,Consumer
1128,Kurt O'Connor,Consumer
1129,Pam Patton,Home Office
1131,Benjamin Strauss,Home Office
1132,Michael Robbins,Corporate
1133,Marjorie Owens,Home Office
1136,Carmen McPherson,Consumer
1138,Malcolm Floyd,Home Office
1142,Russell Chan,Home Office
1151,Edna Huang,Corporate
1155,Alex Nicholson,Consumer
1156,Edith Forbes,Consumer
1159,Arlene Weeks,Consumer
1170,Jessie Houston,Consumer
1178,Sandy Hunt,Consumer
1182,Jesse Williamson,Home Office
1183,Becky O'Brien,Home Office
1185,Lee Xu,Consumer
1186,Glenda Herbert,Consumer
1189,Dwight Stephenson,Consumer
1191,John Morse,Small Business
1193,Louis Parrish,Consumer
1194,Sidney Brewer,Small Business
1197,Grace McNeill Hunt,Small Business
1199,Edward Lamm,Consumer
1200,Beth English,Consumer
1202,Faye Wolf,Consumer
1203,Judy Merritt,Small Business
1211,Debra Proctor,Corporate
1212,Eileen Fletcher,Corporate
1213,Jeremy Pratt,Corporate
1217,Billy Perry Browning,Small Business
1226,Ken Cash,Small Business
1227,Elsie Hwang,Small Business
1228,Hazel Jennings,Small Business
1229,Patrick Byrne,Small Business
1233,Gary Hester,Consumer
1237,Eva Simpson,Corporate
1238,April Bowers,Corporate
1241,Bradley Schroeder,Corporate
1246,Lois Hansen,Home Office
1247,Henry O'Connell,Home Office
1250,Kara Patton,Corporate
1253,Vickie Coates,Home Office
1254,Anne Bland,Home Office
1257,Ryan Foster,Home Office
1259,Keith Hobbs,Home Office
1261,Vickie Gonzalez,Home Office
1265,Danielle Kramer,Home Office
1267,Rosemary Branch,Corporate
1271,Joanne Church,Corporate
1279,Josephine Rao,Corporate
1280,Harold Albright,Corporate
1281,Pauline Denton,Small Business
1282,Dana Sharpe,Small Business
1298,Herbert Beard,Home Office
1303,Cindy Harvey,Consumer
1304,Sherri McIntosh,Consumer
1305,Chris Pritchard,Consumer
1307,Teresa Hill,Small Business
1314,Keith Marsh,Home Office
1315,Adam Saunders Gray,Home Office
1316,Marion Lindsey,Home Office
1338,Denise McIntosh,Home Office
1340,Marie Bass,Home Office
1341,Edward Bynum,Home Office
1347,Vivian Goldstein,Home Office
1350,Jackie Burke,Home Office
1351,Janet McCullough,Home Office
1352,Vivian Clarke,Home Office
1354,Aaron Dillon,Consumer
1357,Marguerite Yu,Home Office
1360,Arlene Gibbons,Consumer
1361,Kristina Collier,Consumer
1363,Earl Roy,Consumer
1364,Chris Ford,Home Office
1367,James Hunter,Consumer
1368,Patsy Harmon,Consumer
1369,Joe D Dean,Consumer
1374,Earl Buck,Home Office
1380,Jeanne Walker,Home Office
1383,Christina Hanna,Consumer
1384,George McLamb,Consumer
1389,Jean Khan,Corporate
1390,Hazel Jones,Corporate
1391,Carolyn Greer,Consumer
1402,Wesley Tate,Corporate
1405,Crystal Floyd,Corporate
1410,Charles Ward,Corporate
1412,Marc Ray,Corporate
1413,Pamela Wiley,Corporate
1416,Betsy Gibson,Small Business
1418,Rebecca Lindsey,Small Business
1419,Brooke Lancaster,Small Business
1424,Robyn Zhou,Home Office
1425,Gregory Crane,Small Business
1427,Stacy Gould,Home Office
1432,Kerry Green,Corporate
1433,Frances Jackson,Corporate
1438,Jean Weiss Diaz,Corporate
1439,Kyle Kaufman,Corporate
1442,Rodney Field,Corporate
1450,Veronica Peck,Consumer
1459,Steve Raynor,Consumer
1461,Norman Adams,Consumer
1466,Wesley Reid,Small Business
1469,Vicki Zhu Daniels,Small Business
1471,Danielle Daniel,Home Office
1472,Tommy Ellis Ritchie,Home Office
1473,Paul Puckett,Home Office
1481,Marvin MacDonald,Corporate
1482,Michael Tanner,Corporate
1484,Alison Stewart,Home Office
1485,Wayne Sutherland,Home Office
1492,Don Beard,Corporate
1494,Kate Lehman,Corporate
1497,Gloria Jacobs,Corporate
1499,Charlotte L Doyle,Home Office
1502,Renee Huang,Small Business
1505,Kay Schultz,Small Business
1511,Joseph Dawson,Corporate
1519,Randall Boykin,Consumer
1522,Earl Watts,Consumer
1526,Larry Hall,Home Office
1527,Neil Parker,Small Business
1528,Brad Stark,Small Business
1531,Jon Ayers,Consumer
1533,Nicole Reid,Corporate
1548,John Bray,Corporate
1551,Laurence Flowers,Consumer
1552,Gary Koch,Small Business
1553,Tara Powers Underwood,Small Business
1554,Joan Floyd,Small Business
1556,Carol Wood,Consumer
1557,James Nicholson,Consumer
1559,Zachary Maynard,Consumer
1561,Edwin Coley,Corporate
1574,Sherry Hurley,Consumer
1580,Ronnie Nolan,Corporate
1590,Lucille Buchanan,Corporate
1593,Ronald O'Neill,Corporate
1595,Chad Henson,Corporate
1602,Frank Hess,Home Office
1603,Alex Watkins,Small Business
1606,Don Rogers,Home Office
1607,Kathleen Huang Hall,Home Office
1609,Jerry Ennis,Consumer
1614,Wayne Lutz,Consumer
1618,June Roberts,Consumer
1620,Gerald Petty,Consumer
1623,Patrick Adcock,Small Business
1625,Molly Browning,Home Office
1627,Aaron Day,Corporate
1632,Lori Wolfe,Home Office
1633,Gerald Raynor,Home Office
1634,Katherine W Epstein,Home Office
1636,Sidney Greenberg,Home Office
1639,Marvin Rollins,Home Office
1644,Sam Woodward,Small Business
1646,Eugene Brewer Knox,Small Business
1648,Nina Bowles,Corporate
1649,Roy Hardison,Corporate
1650,Dan Lamm,Corporate
1653,Charles Cline,Corporate
1665,Elsie Pridgen,Consumer
1670,Carolyn Bowling,Small Business
1671,Mitchell Ross,Small Business
1672,Sidney Scarborough,Small Business
1679,Jeanne Nguyen,Consumer
1680,Esther Whitaker,Consumer
1682,Julie Edwards,Consumer
1683,Wesley Corbett,Consumer
1686,Lynn O'Donnell,Corporate
1689,Larry Church,Corporate
1690,Neil Bailey,Corporate
1692,Rhonda Schroeder,Consumer
1693,Melinda Thornton,Consumer
1697,Holly Osborne,Home Office
1699,Joseph Hurst,Small Business
1702,Sandra Berry,Home Office
1708,Lillian Day,Small Business
1709,Dennis Bowen,Consumer
1711,Sharon Long,Corporate
1712,Regina Langley,Corporate
1713,Rosemary Stark,Corporate
1718,Kathy Shah,Consumer
1719,Russell W Melton,Corporate
1721,Jennifer Zimmerman,Corporate
1723,Constance Flowers,Corporate
1725,Linda Blake,Corporate
1727,Juanita Ballard,Small Business
1728,Carrie Lewis,Corporate
1730,Kerry Wilkerson,Small Business
1733,Nina Horne Kelly,Small Business
1734,Christopher Meadows,Small Business
1735,Eric West,Small Business
1737,Danielle Myers,Corporate
1738,Dean Solomon,Corporate
1739,Edna Pierce,Corporate
1743,Paige Jacobs,Consumer
1745,Herbert Holden,Home Office
1748,Helen Simpson,Consumer
1749,Sherri P Stephens,Home Office
1754,Nelson Hong,Consumer
1764,Michele Bradshaw,Consumer
1765,Ralph Woods Scott,Consumer
1767,Robert Rollins,Home Office
1771,Jeff Spivey,Home Office
1775,Marlene Kirk,Consumer
1776,Charlotte Patterson,Consumer
1777,Miriam Greenberg,Consumer
1778,Ray Oakley,Consumer
1781,Jackie Capps,Corporate
1782,Lawrence Dennis,Home Office
1788,Valerie Siegel,Consumer
1793,Derek Jernigan,Home Office
1802,Jack Morse,Corporate
1808,Joyce Knox,Home Office
1814,Albert Tyson,Home Office
1815,Marvin Yang,Home Office
1816,Danielle Schneider,Consumer
1818,Ian Hall,Consumer
1821,Vanessa Boyer,Consumer
1826,Kate Peck,Corporate
1827,Vincent Hale,Corporate
1828,Stacey Lucas,Corporate
1829,Suzanne Cochran,Corporate
1836,Dwight Albright Huffman,Corporate
1837,Herbert Williamson,Corporate
1840,Clifford Webb,Home Office
1849,Michelle Steele,Consumer
1852,Joy Kaplan McNeill,Home Office
1854,Erika Morgan,Home Office
1860,Gina B Hess,Home Office
1869,Roberta Daniel,Consumer
1873,Lisa Kim,Corporate
1875,Martin Kirk,Consumer
1882,Anita Kent,Home Office
1885,Jacob Hirsch,Home Office
1889,Oscar Bowers,Home Office
1891,Gretchen Levine,Home Office
1893,Melanie Burgess,Consumer
1894,Maureen Herbert Hood,Home Office
1906,Penny Tuttle,Corporate
1907,Amy Hall,Corporate
1910,Sean Stephenson,Home Office
1916,Marcia Feldman,Home Office
1917,Tracy Buckley,Home Office
1918,Hannah Tyson,Home Office
1919,Nathan Jenkins,Home Office
1927,Earl Alston,Home Office
1928,Gregory R Snow,Home Office
1933,William Crawford,Corporate
1934,Scott Moore,Home Office
1935,Diana Coble Hubbard,Corporate
1938,Franklin Spencer,Corporate
1940,Eileen McDonald,Corporate
1946,Teresa Wallace,Consumer
1949,Dana Waller,Small Business
1950,Leslie Shannon,Small Business
1956,Justin Frank,Consumer
1957,Ted Crowder,Consumer
1958,Vickie Martinez,Consumer
1959,Bonnie Matthews Rowland,Corporate
1962,Sean Burton,Home Office
1967,Carolyn Hoffman,Small Business
1971,Marsha Roy,Corporate
1972,Priscilla Brandon,Corporate
1974,Robert Brantley,Consumer
1976,Sherri F Vogel,Consumer
1979,Marianne Weiner Ennis,Corporate
1984,Lynne Wilcox,Consumer
1986,Lynda Rosenthal,Home Office
1988,Anna Burgess,Home Office
1989,David Weaver,Home Office
1991,Paula Hubbard,Home Office
1997,Harriet Bowman,Consumer
1998,Judy Frazier,Corporate
2004,James Dickinson Ball,Home Office
2006,Cynthia Khan,Home Office
2014,Cathy Simon,Home Office
2016,Wayne Bean,Corporate
2020,Erika Jordan,Home Office
2030,Lindsay O'Connell,Corporate
2035,Jon Ward,Consumer
2037,Lynda Herman,Small Business
2038,Peter Adams,Small Business
2044,Jay Simon,Corporate
2046,Eileen Schwartz,Corporate
2049,Kenneth Pollock,Corporate
2052,Francis Kendall,Home Office
2058,Louise Webster Sharma,Corporate
2059,Nathan Newton,Corporate
2061,Marianne Carey,Corporate
2062,Alfred Singh,Corporate
2063,Todd D Norris,Corporate
2066,Claudia Webb,Home Office
2069,Elsie Boykin,Consumer
2070,Kelly Collins,Corporate
2071,Victor Cherry,Corporate
2072,Malcolm S Lanier,Corporate
2073,Evan Kelley,Consumer
2081,Matthew Conway,Corporate
2089,Annie Odom,Corporate
2094,Vernon Hirsch Singleton,Corporate
2097,Patsy Shea,Home Office
2098,Tracy Dyer,Home Office
2099,Nathan Fox,Home Office
2107,Leigh Burnette Hurley,Corporate
2108,Alfred Barber,Corporate
2114,Paige Mason,Corporate
2115,Jeffrey Lloyd,Corporate
2117,Jack Hatcher,Home Office
2122,Carolyn Fisher,Consumer
2124,Paige Powers,Consumer
2127,Joyce Kern,Home Office
2131,Mary Hewitt,Home Office
2132,Philip Hawkins,Home Office
2135,Melvin Kendall,Home Office
2137,Crystal Crabtree,Corporate
2139,Jon Kendall,Corporate
2141,Molly Webster,Home Office
2143,Lester Sawyer,Home Office
2145,Kerry Hardy,Corporate
2146,Courtney Boyd,Corporate
2151,Melinda Rogers,Corporate
2157,Tom Hoyle Honeycutt,Home Office
2159,Wesley Field,Corporate
2162,Brenda Jain,Corporate
2164,Harry Sellers,Small Business
2165,Melanie Knight,Small Business
2178,Judy Hall,Small Business
2183,Sheryl Reese,Home Office
2187,Joanne Spivey,Corporate
2189,Frank Cross,Corporate
2190,Marvin Patrick,Home Office
2193,Donald Melton,Home Office
2196,Gene Heath Cross,Small Business
2197,Karen O'Donnell,Small Business
2198,Lester Woodward Maynard,Small Business
2201,David Hoyle,Small Business
2202,Laurie Howe,Home Office
2203,Eddie Walker,Home Office
2204,Oscar Ford,Home Office
2206,Bobby Powell,Consumer
2209,Sharon Thomas,Home Office
2211,Anita Hahn,Home Office
2212,Stacy Chang,Home Office
2215,Christopher High,Corporate
2216,Clara Kaplan,Corporate
2220,Jennifer Stanton,Consumer
2225,Sean McKenna,Small Business
2240,Maurice Kelly,Corporate
2250,Alvin Hoover,Home Office
2254,Jeff Meadows,Corporate
2256,Lloyd Levin,Corporate
2257,Bernard Thompson,Corporate
2258,Nicole Pope,Corporate
2260,Geoffrey H Wong,Corporate
2264,Helen Dickerson,Corporate
2265,James Davenport,Corporate
2266,Brandon Beach,Corporate
2268,Carlos Adkins,Small Business
2270,Kristine Holden,Small Business
2272,Brett Ingram,Corporate
2273,Debra Block,Corporate
2274,Marlene Harrison,Corporate
2276,Dennis Block Richardson,Consumer
2279,Lucille McGee,Home Office
2281,Monica Harvey,Home Office
2282,Jimmy Waters,Home Office
2283,Nancy Holden,Home Office
2285,Arnold Floyd Blair,Corporate
2286,Larry Langston,Corporate
2287,Samuel Newman,Corporate
2289,Ryan Herman,Home Office
2290,Glen Robertson,Home Office
2302,Beth Dolan,Corporate
2303,Joe Baldwin,Corporate
2305,Pat Kinney,Small Business
2308,Laurence Cummings,Small Business
2323,Emma Buckley,Small Business
2330,Kara Foster,Home Office
2333,Megan Woods,Small Business
2334,Stephanie Hawkins,Consumer
2338,Lynn Hines,Home Office
2339,Gordon Boswell,Home Office
2345,Colleen Marsh,Corporate
2346,Sylvia Kumar,Corporate
2351,Faye Silver,Corporate
2352,Kerry Beach,Consumer
2353,Patrick Lowry,Corporate
2355,Clyde Burnett,Consumer
2356,Emma Bloom,Consumer
2358,Danielle Baird,Corporate
2359,Annie Horne,Home Office
2361,Vincent Daniel,Corporate
2363,Jacob Murray,Home Office
2369,Mike G Hartman,Consumer
2372,Marvin Parrott,Corporate
2376,Debra Batchelor,Corporate
2379,Mildred Briggs,Small Business
2380,Lisa Branch,Small Business
2382,Geoffrey Saunders,Small Business
2385,Janice Frye,Small Business
2391,Jacob McNeill,Corporate
2393,Debbie Dillon,Corporate
2394,Tina Monroe,Corporate
2395,Beverly Roberts,Corporate
2398,Julian F Wolfe,Corporate
2417,Ken H Frazier,Consumer
2418,Kyle Fink,Consumer
2419,Sandra Faulkner,Consumer
2420,Wesley Cho,Consumer
2422,Arlene Wiggins Dalton,Home Office
2423,Nicholas Wallace,Home Office
2426,Dorothy Holt,Small Business
2427,John Merritt,Corporate
2430,Kimberly Reilly,Home Office
2431,Troy Cassidy,Consumer
2432,Lindsay Tate,Consumer
2433,Debra P May,Consumer
2437,Judith Shepherd,Home Office
2441,Kenneth Capps,Consumer
2442,Natalie Aldridge,Consumer
2443,Danny Richmond,Corporate
2448,Melanie Morrow,Consumer
2450,Tonya Miller,Home Office
2454,Donna Braun,Corporate
2456,Joan Beach,Home Office
2457,Yvonne Collier,Home Office
2458,Troy Casey,Home Office
2460,Lucille Gibbons,Home Office
2464,Joe George,Consumer
2466,Gilbert Godfrey,Corporate
2468,Rhonda Stein,Home Office
2472,Ricky Sanders,Home Office
2481,Kelly Sawyer,Corporate
2484,Rhonda Bryant,Corporate
2486,Jack Horn,Small Business
2487,Michelle Bryant Phillips,Small Business
2488,Gordon Walker,Consumer
2489,Craig Liu,Consumer
2490,Pauline Finch,Home Office
2491,Sean N Boyer,Home Office
2495,Maria Block,Consumer
2498,Arlene Long,Corporate
2499,Geoffrey Koch,Corporate
2500,Kevin Smith,Small Business
2502,Toni Owens Poe,Home Office
2506,Alfred Harmon,Home Office
2507,Jeanette Davies,Home Office
2508,Pauline Brooks,Home Office
2509,Sidney Larson,Home Office
2512,Frances Holt,Home Office
2516,Leo E Underwood,Home Office
2520,Sandy Mueller,Home Office
2521,Shawn Meyer,Home Office
2522,Harriet Wooten,Home Office
2526,Derek Sweeney,Corporate
2527,Gretchen Orr,Corporate
2530,Janet Zhang,Small Business
2531,Rick Houston,Small Business
2534,Mitchell Goldberg,Small Business
2539,Max Hubbard,Home Office
2540,Helen Ferguson,Home Office
2543,Josephine Dalton,Small Business
2545,Rick Ellis,Home Office
2547,Edna Freeman,Small Business
2548,Wayne Bass,Small Business
2549,Martha Bowers,Small Business
2551,Joan Bowers,Small Business
2553,Virginia McNeill,Home Office
2555,Karl Knowles,Home Office
2561,Laurie Moon,Consumer
2563,Karen Warren,Home Office
2570,Yvonne Stephens,Consumer
2571,Rosemary O'Brien,Consumer
2578,Kent Gill,Home Office
2579,Marshall Sutherland,Home Office
2583,Wendy Pridgen Pearce,Home Office
2584,Seth Matthews,Home Office
2587,Eugene H Walsh,Home Office
2593,Anne Schultz,Corporate
2601,Malcolm French,Corporate
2603,Penny Leach,Corporate
2604,Gina Curry,Corporate
2610,Tommy Lutz,Corporate
2613,Anthony Stanley,Corporate
2616,Laurence Hull,Corporate
2617,Gerald Crabtree,Corporate
2618,Amy Hamrick Melvin,Corporate
2619,Brandon E Shepherd,Corporate
2620,Phyllis Little,Corporate
2621,Robyn Hayes,Corporate
2626,Lillian Fischer,Consumer
2628,Danielle P Rao,Corporate
2630,Betsy Puckett,Small Business
2638,Alicia Wood Shah,Consumer
2639,Marianne Connor,Consumer
2647,Teresa Bishop,Corporate
2649,Leo J Olson,Corporate
2650,Joanne Chu,Corporate
2652,Brenda Ross,Consumer
2653,Leo Kane,Consumer
2655,Benjamin Lam,Consumer
2660,Jeffrey Page,Small Business
2667,Pat Baker,Home Office
2668,Carlos Hanson,Corporate
2670,Yvonne Mann,Home Office
2671,Lloyd Fuller,Home Office
2677,Geoffrey Rivera,Small Business
2684,Edna Michael,Small Business
2685,Kathryn Wolfe,Small Business
2689,Marlene Gray,Home Office
2693,Lloyd Cannon,Home Office
2696,Sally Dunn,Home Office
2697,Ricky W Clements,Corporate
2699,Marcia Greenberg,Corporate
2704,Juan Gold,Consumer
2709,Stanley Steele,Consumer
2713,Lynda Banks,Corporate
2715,Becky Farmer,Corporate
2718,Caroline Stone,Consumer
2720,Donna Block,Small Business
2724,Erika Clapp,Home Office
2725,Katharine Hudson,Home Office
2729,Penny O Caldwell,Consumer
2737,Rachel Bates,Small Business
2738,Sherri Kramer,Small Business
2741,Megan York,Small Business
2745,Arnold Gay,Corporate
2747,Brian Grady,Corporate
2750,Allen Nash,Small Business
2760,Evan Adkins,Corporate
2764,Arnold Johnson,Corporate
2765,Tracy Schultz,Corporate
2770,Joel Burnette,Corporate
2771,Kevin Wolfe,Corporate
2773,Christina Zhu,Corporate
2775,Theodore Rubin,Consumer
2776,April Henson,Consumer
2778,Alison Jones,Consumer
2779,Jacob Burgess,Corporate
2781,Kelly Byers,Consumer
2787,Rodney Kearney,Consumer
2791,Dawn Larson,Corporate
2794,Connie Bunn,Corporate
2795,Harry Burns,Corporate
2796,Cindy McLeod,Corporate
2797,Cameron Kendall,Consumer
2801,Jimmy Wang,Home Office
2803,Catherine Dorsey Burnett,Small Business
2813,Marjorie Burnette,Corporate
2817,Paul W French,Corporate
2820,Laurence Simon,Home Office
2823,Max Hurley,Corporate
2825,Carole Rosen,Consumer
2828,Monica Howard,Corporate
2833,Tim Connolly,Small Business
2837,Leslie Hawley,Home Office
2840,Bob Berg,Corporate
2847,Vanessa Day,Corporate
2848,Eileen Dalton,Corporate
2851,Annie Sherrill,Consumer
2855,Vicki Womble,Corporate
2858,Jerry Webster,Corporate
2859,Brad H Blake,Corporate
2861,Dwight Robinson,Corporate
2862,Carrie High,Corporate
2865,Roberta Mitchell,Corporate
2867,Dana Teague,Corporate
2868,Eugene Clayton,Corporate
2873,Benjamin Gunter,Small Business
2874,Marian Willis,Home Office
2877,Shannon Aldridge,Consumer
2878,Susan Carroll Berman,Consumer
2880,Grace Black,Small Business
2882,Andrew Gonzalez,Consumer
2883,Stuart Sharma,Consumer
2884,Stuart C Robinson,Consumer
2885,Gary Frazier,Consumer
2886,Gretchen McKinney,Consumer
2892,Benjamin Porter,Consumer
2893,Kathryn Tate,Consumer
2896,Anna Ellis,Home Office
2897,Betty Giles,Home Office
2903,Frances Powers,Small Business
2908,Robyn Lyon,Home Office
2912,Hannah Carver,Home Office
2920,Ernest Peele,Home Office
2923,Lynne Griffith,Consumer
2924,Courtney Nelson,Consumer
2928,Leslie Woodard,Consumer
2931,Faye Hanna,Small Business
2932,Phyllis Hull,Small Business
2935,Shirley Riley,Small Business
2938,Laurie Case Daniel,Small Business
2941,Leah Pollock,Small Business
2944,Elsie Lane,Corporate
2947,Kathy Turner,Consumer
2951,Jordan Womble,Corporate
2952,Thelma Murray,Corporate
2954,William Sharma,Consumer
2957,Francis I Davis,Corporate
2958,Ellen Sparks,Corporate
2960,Allan Dickinson,Corporate
2962,Leonard Strauss,Consumer
2963,Frances Johnson,Consumer
2964,Kathy Hinton,Consumer
2968,Miriam Bowman,Small Business
2973,Sally Liu,Home Office
2976,Fred Barber,Small Business
2979,Lloyd Dolan,Corporate
2980,Joanna Kenney,Corporate
2987,Natalie Watts,Home Office
2991,Sean Herbert,Home Office
2992,Lindsay Webb,Home Office
2999,Kim McCarthy,Consumer
3000,Priscilla Allen,Consumer
3001,Anthony Foley,Consumer
3003,Roy Rouse,Home Office
3004,Maurice Everett,Corporate
3005,Teresa Watts,Corporate
3006,Thomas Spence,Corporate
3008,Penny Rich,Home Office
3011,Tammy Raynor,Corporate
3012,Annie Livingston,Corporate
3017,Melvin Benton,Corporate
3035,Tina Evans,Home Office
3036,Edith Reynolds,Home Office
3041,Carrie Duke,Corporate
3042,Tara Gold,Small Business
3045,Jordan Beard,Small Business
3046,Andrew Pearce,Small Business
3048,Tracy G Starr,Corporate
3053,Robin Tyler,Corporate
3063,Ann Steele,Consumer
3064,Clarence Crowder,Consumer
3067,Carole Miller,Consumer
3069,Tiffany Merrill,Consumer
3075,Gordon Brandt,Corporate
3076,Peter Hardy,Small Business
3077,Lynne Reid,Small Business
3078,Kate McKenna,Small Business
3079,Andrew Levine,Small Business
3084,Debbie Hsu,Small Business
3086,Ted Durham,Consumer
3089,Sandy Cannon,Corporate
3095,Milton Lindsay,Consumer
3096,Mike Howard,Consumer
3098,Lorraine Boykin,Consumer
3100,Gladys Holloway,Consumer
3105,Lawrence Hester,Home Office
3106,Alexander O'Brien,Home Office
3113,Wayne English,Corporate
3119,Jay Hubbard,Corporate
3120,Daniel Christian,Home Office
3123,Jamie Manning,Home Office
3124,Neil Barbee,Home Office
3125,Guy McDonald,Home Office
3128,Cathy Burgess,Small Business
3132,Anita Kang,Corporate
3133,Kristine Singleton,Corporate
3136,Lee Hancock,Consumer
3137,Alison Sharp,Corporate
3138,Herbert Donnelly Swanson,Corporate
3139,David Powell,Home Office
3141,Jerome McIntosh,Consumer
3143,Neil Song,Consumer
3146,Maureen Stout,Corporate
3148,Leroy Field,Corporate
3149,Harriet Moore,Corporate
3151,Glenda Hunter,Corporate
3154,Faye Manning,Corporate
3155,Julian Keith Mayer,Corporate
3167,Ray Silverman,Corporate
3169,Janice Boswell,Small Business
3170,Lawrence Haas,Corporate
3176,Jackie McCullough,Consumer
3177,Laurie Petty,Consumer
3179,Marie Pittman,Corporate
3187,Sidney Gilliam,Small Business
3191,Jenny Hawkins,Corporate
3194,Angela Rose,Consumer
3196,Rick Foster Hawkins,Home Office
3197,Wallace Pugh,Home Office
3205,Alvin Mullins,Consumer
3206,Dana Rankin,Consumer
3209,Elsie Floyd,Corporate
3211,Jonathan Crabtree,Corporate
3221,Sean Pugh,Corporate
3222,Diane Lu,Corporate
3224,Claudia White,Small Business
3225,Robyn Crawford,Small Business
3226,Arthur Gold,Small Business
3229,Sharon Kessler,Small Business
3230,Monica Stuart,Small Business
3238,Kathleen P Bloom,Corporate
3243,Marlene Phillips,Small Business
3246,Wanda Harris,Small Business
3248,Earl Donnelly,Small Business
3249,Nicole Goldstein,Corporate
3251,Peter Brooks,Corporate
3252,Milton Harrell,Small Business
3255,Maureen Whitley,Home Office
3257,Sharon Marcus,Consumer
3258,Gretchen Best Wilkins,Consumer
3261,Steven Long,Consumer
3264,Becky Puckett,Corporate
3266,Edgar Kumar,Corporate
3269,Billie Stern,Corporate
3275,Tamara Dickinson,Home Office
3279,Ricky Allred,Home Office
3283,William Woodard,Corporate
3284,Michael Shaffer,Corporate
3285,Ricky Garner,Consumer
3287,Mary Norman,Small Business
3303,Carole Creech,Home Office
3306,Claire Warren,Small Business
3307,Edwin Blackburn,Small Business
3309,Edwin Chung,Small Business
3310,Tiffany Grossman Hardin,Small Business
3311,Jackie Flynn,Small Business
3314,Billy Hale,Small Business
3319,Marlene Davidson,Small Business
3320,Alicia Maynard,Small Business
3324,Leslie Jacobson,Consumer
3325,Diane Barr,Consumer
3327,Bob Gibson,Small Business
3331,Elisabeth Shaw,Corporate
3338,Constance Robertson,Consumer
3339,Lester Copeland,Consumer
3340,Phillip Blum,Consumer
3342,Paul Tate,Home Office
3344,Jim Hinson,Home Office
3347,Carrie McIntosh,Consumer
3350,Amy York,Small Business
3351,Nathan Wyatt,Small Business
3354,Sara Faulkner,Corporate
3355,Glenda Simon,Corporate
3356,Richard Tan,Corporate
3359,Jeffrey Cheng,Home Office
3360,Daniel Huff,Home Office
3361,Oscar Kenney,Home Office
3366,Dana Boyle,Home Office
3367,Renee McKenzie,Home Office
3369,Stacy Byrne,Home Office
3374,Jamie Ward,Corporate
3379,Annette McIntyre,Corporate
3380,Eva Decker,Home Office
3381,Christopher Norton Patterson,Corporate
3385,Daniel Richmond,Corporate
3386,Carmen Elmore,Corporate
3388,Aaron Shaffer,Corporate
3393,Irene Murphy,Consumer
3397,Andrea Shaw,Small Business
3399,Marvin Reid,Small Business
3400,Florence Gold,Small Business
3403,Tammy Buckley,Consumer
