PostalCode,Country,StateOrProvince,City
1001.0,United States,Massachusetts,Agawam
1007.0,United States,Massachusetts,Belchertown
1075.0,United States,Massachusetts,South Hadley
1462.0,United States,Massachusetts,Lunenburg
1469.0,United States,Massachusetts,Townsend
1540.0,United States,Massachusetts,Oxford
1570.0,United States,Massachusetts,Webster
1610.0,United States,Massachusetts,Worcester
1748.0,United States,Massachusetts,Hopkinton
1760.0,United States,Massachusetts,Natick
1776.0,United States,Massachusetts,Sudbury
1801.0,United States,Massachusetts,Woburn
1803.0,United States,Massachusetts,Burlington
1876.0,United States,Massachusetts,Tewksbury
1887.0,United States,Massachusetts,Wilmington
1890.0,United States,Massachusetts,Winchester
1915.0,United States,Massachusetts,Beverly
2019.0,United States,Massachusetts,Bellingham
2062.0,United States,Massachusetts,Norwood
2108.0,United States,Massachusetts,Boston
2109.0,United States,Massachusetts,Boston
2112.0,United States,Massachusetts,Boston
2113.0,United States,Massachusetts,Boston
2118.0,United States,Massachusetts,Boston
2129.0,United States,Massachusetts,Boston
2138.0,United States,Massachusetts,Cambridge
2149.0,United States,Massachusetts,Everett
2152.0,United States,Massachusetts,Winthrop
2180.0,United States,Massachusetts,Stoneham
2215.0,United States,Massachusetts,Boston
2341.0,United States,Massachusetts,Hanson
2474.0,United States,Massachusetts,Arlington
2563.0,United States,Massachusetts,Sandwich
2664.0,United States,Massachusetts,Yarmouth
2806.0,United States,Rhode Island,Barrington
2861.0,United States,Rhode Island,Pawtucket
2908.0,United States,Rhode Island,Providence
2910.0,United States,Rhode Island,Cranston
2920.0,United States,Rhode Island,Cranston
3045.0,United States,New Hampshire,Goffstown
3051.0,United States,New Hampshire,Hudson
3053.0,United States,New Hampshire,Londonderry
3054.0,United States,New Hampshire,Merrimack
3060.0,United States,New Hampshire,Nashua
3079.0,United States,New Hampshire,Salem
3101.0,United States,New Hampshire,Manchester
3246.0,United States,New Hampshire,Laconia
3301.0,United States,New Hampshire,Concord
3801.0,United States,New Hampshire,Portsmouth
3820.0,United States,New Hampshire,Dover
4005.0,United States,Maine,Biddeford
4038.0,United States,Maine,Gorham
4070.0,United States,Maine,West Scarborough
4072.0,United States,Maine,Saco
4073.0,United States,Maine,Sanford
4101.0,United States,Maine,Portland
4106.0,United States,Maine,South Portland
4210.0,United States,Maine,Auburn
4240.0,United States,Maine,Lewiston
4330.0,United States,Maine,Augusta
4401.0,United States,Maine,Bangor
4901.0,United States,Maine,Waterville
5201.0,United States,Vermont,Bennington
5401.0,United States,Vermont,Burlington
5403.0,United States,Vermont,South Burlington
5701.0,United States,Vermont,Rutland
6010.0,United States,Connecticut,Bristol
6050.0,United States,Connecticut,New Britain
6111.0,United States,Connecticut,Newington
6320.0,United States,Connecticut,New London
6360.0,United States,Connecticut,Norwich
6401.0,United States,Connecticut,Ansonia
6405.0,United States,Connecticut,Branford
6408.0,United States,Connecticut,Cheshire
6478.0,United States,Connecticut,Seymour
6614.0,United States,Connecticut,Stratford
6708.0,United States,Connecticut,Waterbury
6770.0,United States,Connecticut,Naugatuck
6776.0,United States,Connecticut,New Milford
6810.0,United States,Connecticut,Danbury
6824.0,United States,Connecticut,Fairfield
6901.0,United States,Connecticut,Stamford
7002.0,United States,New Jersey,Bayonne
7003.0,United States,New Jersey,Bloomfield
7011.0,United States,New Jersey,Clifton
7016.0,United States,New Jersey,Cranford
7024.0,United States,New Jersey,Fort Lee
7036.0,United States,New Jersey,Linden
7060.0,United States,New Jersey,North Plainfield
7079.0,United States,New Jersey,South Orange
7086.0,United States,New Jersey,Union City
7101.0,United States,New Jersey,Newark
7109.0,United States,New Jersey,Belleville
7201.0,United States,New Jersey,Elizabeth
7203.0,United States,New Jersey,Roselle
7407.0,United States,New Jersey,Elmwood Park
7450.0,United States,New Jersey,Ridgewood
7506.0,United States,New Jersey,Hawthorne
7601.0,United States,New Jersey,Hackensack
7631.0,United States,New Jersey,Englewood
7644.0,United States,New Jersey,Lodi
7901.0,United States,New Jersey,Summit
7960.0,United States,New Jersey,Morristown
8021.0,United States,New Jersey,Lindenwold
8332.0,United States,New Jersey,Millville
8360.0,United States,New Jersey,South Vineland
8601.0,United States,New Jersey,Trenton
8830.0,United States,New Jersey,Iselin
8857.0,United States,New Jersey,Old Bridge
8863.0,United States,New Jersey,Fords
10004.0,United States,New York,New York City
10009.0,United States,New York,New York City
10011.0,United States,New York,New York City
10012.0,United States,New York,New York City
10024.0,United States,New York,New York City
10035.0,United States,New York,New York City
10039.0,United States,New York,New York City
10112.0,United States,New York,New York City
10115.0,United States,New York,New York City
10154.0,United States,New York,New York City
10165.0,United States,New York,New York City
10170.0,United States,New York,New York City
10177.0,United States,New York,New York City
10282.0,United States,New York,New York City
10528.0,United States,New York,Harrison
10550.0,United States,New York,Mount Vernon
10562.0,United States,New York,Ossining
10956.0,United States,New York,New City
11010.0,United States,New York,Franklin Square
11520.0,United States,New York,Freeport
11542.0,United States,New York,Glen Cove
11550.0,United States,New York,Hempstead
11572.0,United States,New York,Oceanside
11598.0,United States,New York,Woodmere
11714.0,United States,New York,Bethpage
11722.0,United States,New York,Central Islip
11725.0,United States,New York,Commack
11727.0,United States,New York,Coram
11729.0,United States,New York,Deer Park
11746.0,United States,New York,Dix Hills
11756.0,United States,New York,Levittown
11757.0,United States,New York,Lindenhurst
11758.0,United States,New York,East Massapequa
11787.0,United States,New York,Smithtown
11795.0,United States,New York,West Islip
11803.0,United States,New York,Plainview
11967.0,United States,New York,Shirley
12180.0,United States,New York,Troy
12306.0,United States,New York,Rotterdam
13021.0,United States,New York,Auburn
13210.0,United States,New York,Syracuse
13501.0,United States,New York,Utica
13601.0,United States,New York,Watertown
14043.0,United States,New York,Depew
14150.0,United States,New York,Tonawanda
14225.0,United States,New York,Cheektowaga
14304.0,United States,New York,Niagara Falls
14609.0,United States,New York,Rochester
14701.0,United States,New York,Jamestown
14853.0,United States,New York,Ithaca
14901.0,United States,New York,Elmira
15122.0,United States,Pennsylvania,West Mifflin
15221.0,United States,Pennsylvania,Wilkinsburg
15228.0,United States,Pennsylvania,Mount Lebanon
15234.0,United States,Pennsylvania,Baldwin
15239.0,United States,Pennsylvania,Plum
15601.0,United States,Pennsylvania,Greensburg
16146.0,United States,Pennsylvania,Sharon
16602.0,United States,Pennsylvania,Altoona
16801.0,United States,Pennsylvania,State College
17112.0,United States,Pennsylvania,Harrisburg
17201.0,United States,Pennsylvania,Chambersburg
17331.0,United States,Pennsylvania,Hanover
17403.0,United States,Pennsylvania,York
17602.0,United States,Pennsylvania,Lancaster
18018.0,United States,Pennsylvania,Bethlehem
18103.0,United States,Pennsylvania,Allentown
19026.0,United States,Pennsylvania,Drexel Hill
19057.0,United States,Pennsylvania,Levittown
19090.0,United States,Pennsylvania,Willow Grove
19112.0,United States,Pennsylvania,Philadelphia
19134.0,United States,Pennsylvania,Philadelphia
19140.0,United States,Pennsylvania,Philadelphia
19406.0,United States,Pennsylvania,King of Prussia
19464.0,United States,Pennsylvania,Pottstown
19711.0,United States,Delaware,Newark
20006.0,United States,District of Columbia,Washington
20012.0,United States,District of Columbia,Washington
20016.0,United States,District of Columbia,Washington
20024.0,United States,District of Columbia,Washington
20151.0,United States,Virginia,Fairfax
20170.0,United States,Virginia,Herndon
20190.0,United States,Virginia,Reston
20601.0,United States,Maryland,Waldorf
20707.0,United States,Maryland,Laurel
20715.0,United States,Maryland,Bowie
20740.0,United States,Maryland,College Park
20746.0,United States,Maryland,Camp Springs
20854.0,United States,Maryland,Potomac
20877.0,United States,Maryland,Gaithersburg
21040.0,United States,Maryland,Edgewood
21042.0,United States,Maryland,Ellicott City
21113.0,United States,Maryland,Odenton
21114.0,United States,Maryland,Crofton
21133.0,United States,Maryland,Randallstown
21136.0,United States,Maryland,Reisterstown
21208.0,United States,Maryland,Pikesville
21220.0,United States,Maryland,Middle River
21222.0,United States,Maryland,Dundalk
21228.0,United States,Maryland,Catonsville
21403.0,United States,Maryland,Annapolis
21501.0,United States,Maryland,Cumberland
21740.0,United States,Maryland,Hagerstown
22003.0,United States,Virginia,Annandale
22015.0,United States,Virginia,Burke
22025.0,United States,Virginia,Montclair
22102.0,United States,Virginia,Tysons Corner
22124.0,United States,Virginia,Oakton
22153.0,United States,Virginia,Springfield
22304.0,United States,Virginia,Alexandria
22601.0,United States,Virginia,Winchester
22801.0,United States,Virginia,Harrisonburg
22901.0,United States,Virginia,Charlottesville
22980.0,United States,Virginia,Waynesboro
23111.0,United States,Virginia,Mechanicsville
23223.0,United States,Virginia,Richmond
23320.0,United States,Virginia,Chesapeake
23464.0,United States,Virginia,Virginia Beach
23518.0,United States,Virginia,Norfolk
23602.0,United States,Virginia,Newport News
23701.0,United States,Virginia,Portsmouth
23805.0,United States,Virginia,Petersburg
24060.0,United States,Virginia,Blacksburg
24153.0,United States,Virginia,Salem
24281.0,United States,Virginia,Rose Hill
25705.0,United States,West Virginia,Huntington
26003.0,United States,West Virginia,Wheeling
26101.0,United States,West Virginia,Parkersburg
26501.0,United States,West Virginia,Morgantown
26554.0,United States,West Virginia,Fairmont
27203.0,United States,North Carolina,Asheboro
27260.0,United States,North Carolina,High Point
27288.0,United States,North Carolina,Eden
27502.0,United States,North Carolina,Apex
27511.0,United States,North Carolina,Cary
27529.0,United States,North Carolina,Garner
27534.0,United States,North Carolina,Goldsboro
27604.0,United States,North Carolina,Raleigh
27801.0,United States,North Carolina,Rocky Mount
27893.0,United States,North Carolina,Wilson
28001.0,United States,North Carolina,Albemarle
28052.0,United States,North Carolina,Gastonia
28079.0,United States,North Carolina,Indian Trail
28144.0,United States,North Carolina,Salisbury
28204.0,United States,North Carolina,Charlotte
28206.0,United States,North Carolina,Charlotte
28227.0,United States,North Carolina,Mint Hill
28314.0,United States,North Carolina,Fayetteville
28403.0,United States,North Carolina,Wilmington
28560.0,United States,North Carolina,New Bern
28601.0,United States,North Carolina,Hickory
28806.0,United States,North Carolina,Asheville
29203.0,United States,South Carolina,Columbia
29301.0,United States,South Carolina,Spartanburg
29418.0,United States,South Carolina,Charleston
29464.0,United States,South Carolina,Mount Pleasant
29483.0,United States,South Carolina,Summerville
29577.0,United States,South Carolina,Myrtle Beach
29611.0,United States,South Carolina,Greenville
29651.0,United States,South Carolina,Greer
29662.0,United States,South Carolina,Mauldin
29687.0,United States,South Carolina,Taylors
29730.0,United States,South Carolina,Rock Hill
29915.0,United States,South Carolina,Hilton Head Island
30062.0,United States,Georgia,Marietta
30076.0,United States,Georgia,Roswell
30084.0,United States,Georgia,Tucker
30144.0,United States,Georgia,Kennesaw
30161.0,United States,Georgia,Rome
30188.0,United States,Georgia,Woodstock
30240.0,United States,Georgia,La Grange
30265.0,United States,Georgia,Newnan
30269.0,United States,Georgia,Peachtree City
30297.0,United States,Georgia,Forest Park
30305.0,United States,Georgia,Atlanta
30318.0,United States,Georgia,Atlanta
30328.0,United States,Georgia,Sandy Springs
30337.0,United States,Georgia,College Park
30338.0,United States,Georgia,Dunwoody
30344.0,United States,Georgia,East Point
30458.0,United States,Georgia,Statesboro
30605.0,United States,Georgia,Athens
30721.0,United States,Georgia,Dalton
30907.0,United States,Georgia,Martinez
31204.0,United States,Georgia,Macon
31401.0,United States,Georgia,Savannah
32004.0,United States,Florida,Ponte Vedra Beach
32127.0,United States,Florida,Port Orange
32137.0,United States,Florida,Palm Coast
32168.0,United States,Florida,New Smyrna Beach
32174.0,United States,Florida,Ormond Beach
32216.0,United States,Florida,Jacksonville
32259.0,United States,Florida,Fruit Cove
32303.0,United States,Florida,Tallahassee
32404.0,United States,Florida,Panama City
32503.0,United States,Florida,Pensacola
32601.0,United States,Florida,Gainesville
32701.0,United States,Florida,Altamonte Springs
32707.0,United States,Florida,Casselberry
32708.0,United States,Florida,Winter Springs
32771.0,United States,Florida,Sanford
32780.0,United States,Florida,Titusville
32789.0,United States,Florida,Winter Park
32839.0,United States,Florida,Orlando
32935.0,United States,Florida,Melbourne
32953.0,United States,Florida,Merritt Island
33012.0,United States,Florida,Hialeah
33021.0,United States,Florida,Hollywood
33024.0,United States,Florida,Pembroke Pines
33055.0,United States,Florida,Carol City
33063.0,United States,Florida,Coconut Creek
33065.0,United States,Florida,Coral Springs
33132.0,United States,Florida,Miami
33134.0,United States,Florida,Coral Gables
33142.0,United States,Florida,Miami
33156.0,United States,Florida,Kendall
33160.0,United States,Florida,North Miami Beach
33161.0,United States,Florida,North Miami
33181.0,United States,Florida,Miami
33311.0,United States,Florida,Fort Lauderdale
33319.0,United States,Florida,Tamarac
33322.0,United States,Florida,Sunrise
33334.0,United States,Florida,Oakland Park
33403.0,United States,Florida,Palm Beach Gardens
33407.0,United States,Florida,West Palm Beach
33411.0,United States,Florida,Royal Palm Beach
33430.0,United States,Florida,Belle Glade
33433.0,United States,Florida,Boca Raton
33458.0,United States,Florida,Jupiter
33461.0,United States,Florida,Lake Worth
33511.0,United States,Florida,Brandon
33569.0,United States,Florida,Riverview
33614.0,United States,Florida,Tampa
33710.0,United States,Florida,Saint Petersburg
33772.0,United States,Florida,Seminole
33801.0,United States,Florida,Lakeland
33881.0,United States,Florida,Winter Haven
33916.0,United States,Florida,Miami
33917.0,United States,Florida,Fort Myers
33952.0,United States,Florida,Port Charlotte
33971.0,United States,Florida,Lehigh Acres
34142.0,United States,Florida,Immokalee
34287.0,United States,Florida,North Port
34609.0,United States,Florida,Spring Hill
34639.0,United States,Florida,Land O Lakes
34698.0,United States,Florida,Dunedin
34741.0,United States,Florida,Kissimmee
34787.0,United States,Florida,Winter Garden
34952.0,United States,Florida,Port Saint Lucie
35211.0,United States,Alabama,Birmingham
35216.0,United States,Alabama,Vestavia Hills
35244.0,United States,Alabama,Hoover
35401.0,United States,Alabama,Tuscaloosa
35473.0,United States,Alabama,Northport
35601.0,United States,Alabama,Decatur
35756.0,United States,Alabama,Madison
36330.0,United States,Alabama,Enterprise
36608.0,United States,Alabama,Mobile
36801.0,United States,Alabama,Opelika
36830.0,United States,Alabama,Auburn
36869.0,United States,Alabama,Phenix City
37027.0,United States,Tennessee,Brentwood
37042.0,United States,Tennessee,Clarksville
37066.0,United States,Tennessee,Gallatin
37075.0,United States,Tennessee,Hendersonville
37087.0,United States,Tennessee,Lebanon
37130.0,United States,Tennessee,Murfreesboro
37167.0,United States,Tennessee,Smyrna
37174.0,United States,Tennessee,Spring Hill
37211.0,United States,Tennessee,Nashville
37311.0,United States,Tennessee,Cleveland
37421.0,United States,Tennessee,Chattanooga
37664.0,United States,Tennessee,Kingsport
37743.0,United States,Tennessee,Greeneville
37804.0,United States,Tennessee,Maryville
37814.0,United States,Tennessee,Morristown
37918.0,United States,Tennessee,Knoxville
37922.0,United States,Tennessee,Farragut
38017.0,United States,Tennessee,Collierville
38134.0,United States,Tennessee,Bartlett
38138.0,United States,Tennessee,Germantown
38301.0,United States,Tennessee,Jackson
38401.0,United States,Tennessee,Columbia
38637.0,United States,Mississippi,Horn Lake
38654.0,United States,Mississippi,Olive Branch
38701.0,United States,Mississippi,Greenville
38801.0,United States,Mississippi,Tupelo
39056.0,United States,Mississippi,Clinton
39208.0,United States,Mississippi,Pearl
39212.0,United States,Mississippi,Jackson
39301.0,United States,Mississippi,Meridian
39401.0,United States,Mississippi,Hattiesburg
39503.0,United States,Mississippi,Gulfport
39530.0,United States,Mississippi,Biloxi
39701.0,United States,Mississippi,Columbus
40258.0,United States,Kentucky,Pleasure Ridge Park
40324.0,United States,Kentucky,Georgetown
40422.0,United States,Kentucky,Danville
41011.0,United States,Kentucky,Covington
41042.0,United States,Kentucky,Florence
41075.0,United States,Kentucky,Fort Thomas
42003.0,United States,Kentucky,Paducah
42071.0,United States,Kentucky,Murray
42104.0,United States,Kentucky,Bowling Green
42301.0,United States,Kentucky,Owensboro
42420.0,United States,Kentucky,Henderson
43015.0,United States,Ohio,Delaware
43017.0,United States,Ohio,Dublin
43026.0,United States,Ohio,Hilliard
43050.0,United States,Ohio,Mount Vernon
43055.0,United States,Ohio,Newark
43068.0,United States,Ohio,Reynoldsburg
43081.0,United States,Ohio,Westerville
43123.0,United States,Ohio,Grove City
43213.0,United States,Ohio,Whitehall
43221.0,United States,Ohio,Upper Arlington
43229.0,United States,Ohio,Columbus
43402.0,United States,Ohio,Bowling Green
43615.0,United States,Ohio,Toledo
43952.0,United States,Ohio,Steubenville
44035.0,United States,Ohio,Elyria
44039.0,United States,Ohio,North Ridgeville
44052.0,United States,Ohio,Lorain
44070.0,United States,Ohio,North Olmsted
44094.0,United States,Ohio,Willoughby
44106.0,United States,Ohio,Cleveland Heights
44107.0,United States,Ohio,Lakewood
44117.0,United States,Ohio,Euclid
44118.0,United States,Ohio,Shaker Heights
44125.0,United States,Ohio,Garfield Heights
44133.0,United States,Ohio,North Royalton
44134.0,United States,Ohio,Parma
44136.0,United States,Ohio,Strongsville
44145.0,United States,Ohio,Westlake
44221.0,United States,Ohio,Cuyahoga Falls
44224.0,United States,Ohio,Stow
44240.0,United States,Ohio,Kent
44256.0,United States,Ohio,Medina
44512.0,United States,Ohio,Boardman
44515.0,United States,Ohio,Austintown
44646.0,United States,Ohio,Massillon
44691.0,United States,Ohio,Wooster
44708.0,United States,Ohio,Canton
44870.0,United States,Ohio,Sandusky
45011.0,United States,Ohio,Hamilton
45014.0,United States,Ohio,Fairfield
45231.0,United States,Ohio,Cincinnati
45324.0,United States,Ohio,Fairborn
45373.0,United States,Ohio,Troy
45406.0,United States,Ohio,Dayton
45429.0,United States,Ohio,Kettering
45801.0,United States,Ohio,Lima
46016.0,United States,Indiana,Anderson
46032.0,United States,Indiana,Carmel
46041.0,United States,Indiana,Frankfort
46203.0,United States,Indiana,Indianapolis
46307.0,United States,Indiana,Crown Point
46312.0,United States,Indiana,East Chicago
46321.0,United States,Indiana,Munster
46322.0,United States,Indiana,Highland
46324.0,United States,Indiana,Hammond
46375.0,United States,Indiana,Schererville
46383.0,United States,Indiana,Valparaiso
46404.0,United States,Indiana,Gary
46530.0,United States,Indiana,Granger
46614.0,United States,Indiana,South Bend
46806.0,United States,Indiana,Fort Wayne
46901.0,United States,Indiana,Kokomo
47130.0,United States,Indiana,Jeffersonville
47201.0,United States,Indiana,Columbus
47302.0,United States,Indiana,Muncie
47374.0,United States,Indiana,Richmond
47591.0,United States,Indiana,Vincennes
47802.0,United States,Indiana,Terre Haute
47905.0,United States,Indiana,Lafayette
47906.0,United States,Indiana,West Lafayette
48021.0,United States,Michigan,Eastpointe
48060.0,United States,Michigan,Port Huron
48071.0,United States,Michigan,Madison Heights
48093.0,United States,Michigan,Warren
48101.0,United States,Michigan,Allen Park
48126.0,United States,Michigan,Dearborn
48127.0,United States,Michigan,Dearborn Heights
48135.0,United States,Michigan,Garden City
48138.0,United States,Michigan,Detroit
48141.0,United States,Michigan,Inkster
48154.0,United States,Michigan,Livonia
48185.0,United States,Michigan,Westland
48187.0,United States,Michigan,Canton
48195.0,United States,Michigan,Southgate
48227.0,United States,Michigan,Detroit
48234.0,United States,Michigan,Detroit
48237.0,United States,Michigan,Oak Park
48307.0,United States,Michigan,Rochester Hills
48310.0,United States,Michigan,Sterling Heights
48336.0,United States,Michigan,Farmington Hills
48342.0,United States,Michigan,Pontiac
48505.0,United States,Michigan,Flint
48601.0,United States,Michigan,Saginaw
48640.0,United States,Michigan,Midland
48708.0,United States,Michigan,Bay City
48823.0,United States,Michigan,East Lansing
48911.0,United States,Michigan,Lansing
49001.0,United States,Michigan,Kalamazoo
49002.0,United States,Michigan,Portage
49017.0,United States,Michigan,Battle Creek
49221.0,United States,Michigan,Adrian
49423.0,United States,Michigan,Holland
49505.0,United States,Michigan,Grand Rapids
49783.0,United States,Michigan,Sault Sainte Marie
50158.0,United States,Iowa,Marshalltown
50208.0,United States,Iowa,Newton
50265.0,United States,Iowa,West Des Moines
50401.0,United States,Iowa,Mason City
50501.0,United States,Iowa,Fort Dodge
50613.0,United States,Iowa,Cedar Falls
51106.0,United States,Iowa,Sioux City
51503.0,United States,Iowa,Council Bluffs
52001.0,United States,Iowa,Dubuque
52302.0,United States,Iowa,Marion
52402.0,United States,Iowa,Cedar Rapids
52501.0,United States,Iowa,Ottumwa
52601.0,United States,Iowa,Burlington
52722.0,United States,Iowa,Bettendorf
52732.0,United States,Iowa,Clinton
52761.0,United States,Iowa,Muscatine
53081.0,United States,Wisconsin,Sheboygan
53094.0,United States,Wisconsin,Watertown
53095.0,United States,Wisconsin,West Bend
53132.0,United States,Wisconsin,Franklin
53142.0,United States,Wisconsin,Kenosha
53150.0,United States,Wisconsin,Muskego
53151.0,United States,Wisconsin,New Berlin
53154.0,United States,Wisconsin,Oak Creek
53186.0,United States,Wisconsin,Waukesha
53209.0,United States,Wisconsin,Milwaukee
53213.0,United States,Wisconsin,Wauwatosa
53214.0,United States,Wisconsin,West Allis
53220.0,United States,Wisconsin,Greenfield
53402.0,United States,Wisconsin,Racine
53545.0,United States,Wisconsin,Janesville
53711.0,United States,Wisconsin,Madison
53713.0,United States,Wisconsin,Fitchburg
54220.0,United States,Wisconsin,Manitowoc
54302.0,United States,Wisconsin,Green Bay
54481.0,United States,Wisconsin,Stevens Point
54703.0,United States,Wisconsin,Eau Claire
54880.0,United States,Wisconsin,Superior
54915.0,United States,Wisconsin,Appleton
54956.0,United States,Wisconsin,Neenah
55014.0,United States,Minnesota,Lino Lakes
55060.0,United States,Minnesota,Owatonna
55076.0,United States,Minnesota,Inver Grove Heights
55106.0,United States,Minnesota,Saint Paul
55113.0,United States,Minnesota,Roseville
55119.0,United States,Minnesota,Maplewood
55126.0,United States,Minnesota,Shoreview
55128.0,United States,Minnesota,Oakdale
55305.0,United States,Minnesota,Hopkins
55337.0,United States,Minnesota,Burnsville
55343.0,United States,Minnesota,Minnetonka Mills
55369.0,United States,Minnesota,Maple Grove
55372.0,United States,Minnesota,Prior Lake
55379.0,United States,Minnesota,Shakopee
55410.0,United States,Minnesota,Edina
55420.0,United States,Minnesota,Bloomington
55423.0,United States,Minnesota,Richfield
55429.0,United States,Minnesota,Brooklyn Center
55432.0,United States,Minnesota,Fridley
55433.0,United States,Minnesota,Coon Rapids
55445.0,United States,Minnesota,Brooklyn Park
55803.0,United States,Minnesota,Duluth
56001.0,United States,Minnesota,Mankato
57103.0,United States,South Dakota,Sioux Falls
57201.0,United States,South Dakota,Watertown
57401.0,United States,South Dakota,Aberdeen
57701.0,United States,South Dakota,Rapid City
58201.0,United States,North Dakota,Grand Forks
58554.0,United States,North Dakota,Mandan
58601.0,United States,North Dakota,Dickinson
59601.0,United States,Montana,Helena
59715.0,United States,Montana,Bozeman
59750.0,United States,Montana,Butte
59801.0,United States,Montana,Missoula
60004.0,United States,Illinois,Arlington Heights
60016.0,United States,Illinois,Des Plaines
60056.0,United States,Illinois,Mount Prospect
60060.0,United States,Illinois,Mundelein
60061.0,United States,Illinois,Vernon Hills
60062.0,United States,Illinois,Northbrook
60089.0,United States,Illinois,Buffalo Grove
60091.0,United States,Illinois,Wilmette
60098.0,United States,Illinois,Woodstock
60101.0,United States,Illinois,Addison
60102.0,United States,Illinois,Lake In The Hills
60103.0,United States,Illinois,Hanover Park
60110.0,United States,Illinois,Carpentersville
60123.0,United States,Illinois,Elgin
60130.0,United States,Illinois,Forest Park
60131.0,United States,Illinois,Franklin Park
60148.0,United States,Illinois,Lombard
60160.0,United States,Illinois,Melrose Park
60174.0,United States,Illinois,Saint Charles
60188.0,United States,Illinois,Carol Stream
60409.0,United States,Illinois,Calumet City
60432.0,United States,Illinois,Joliet
60438.0,United States,Illinois,Lansing
60440.0,United States,Illinois,Bolingbrook
60441.0,United States,Illinois,Romeoville
60459.0,United States,Illinois,Burbank
60462.0,United States,Illinois,Orland Park
60505.0,United States,Illinois,Aurora
60510.0,United States,Illinois,Batavia
60516.0,United States,Illinois,Downers Grove
60517.0,United States,Illinois,Woodridge
60540.0,United States,Illinois,Naperville
60543.0,United States,Illinois,Oswego
60601.0,United States,Illinois,Chicago
60603.0,United States,Illinois,Chicago
60610.0,United States,Illinois,Chicago
60611.0,United States,Illinois,Chicago
60623.0,United States,Illinois,Chicago
60653.0,United States,Illinois,Chicago
60901.0,United States,Illinois,Kankakee
61032.0,United States,Illinois,Freeport
61201.0,United States,Illinois,Rock Island
61265.0,United States,Illinois,Moline
61401.0,United States,Illinois,Galesburg
61554.0,United States,Illinois,Pekin
61701.0,United States,Illinois,Bloomington
61801.0,United States,Illinois,Urbana
61832.0,United States,Illinois,Danville
62002.0,United States,Illinois,Alton
62301.0,United States,Illinois,Quincy
62701.0,United States,Illinois,Springfield
62901.0,United States,Illinois,Carbondale
63042.0,United States,Missouri,Hazelwood
63105.0,United States,Missouri,Clayton
63116.0,United States,Missouri,Saint Louis
63119.0,United States,Missouri,Webster Groves
63122.0,United States,Missouri,Kirkwood
63129.0,United States,Missouri,Mehlville
63130.0,United States,Missouri,University City
63141.0,United States,Missouri,Creve Coeur
63376.0,United States,Missouri,Saint Peters
64055.0,United States,Missouri,Independence
64118.0,United States,Missouri,Gladstone
64130.0,United States,Missouri,Kansas City
64133.0,United States,Missouri,Raytown
64804.0,United States,Missouri,Joplin
65721.0,United States,Missouri,Ozark
65807.0,United States,Missouri,Springfield
66048.0,United States,Kansas,Leavenworth
66203.0,United States,Kansas,Shawnee
66209.0,United States,Kansas,Leawood
66212.0,United States,Kansas,Overland Park
66502.0,United States,Kansas,Manhattan
66762.0,United States,Kansas,Pittsburg
66801.0,United States,Kansas,Emporia
67037.0,United States,Kansas,Derby
67114.0,United States,Kansas,Newton
67212.0,United States,Kansas,Wichita
67501.0,United States,Kansas,Hutchinson
67601.0,United States,Kansas,Hays
67846.0,United States,Kansas,Garden City
67901.0,United States,Kansas,Liberal
68046.0,United States,Nebraska,Papillion
68128.0,United States,Nebraska,La Vista
68502.0,United States,Nebraska,Lincoln
68601.0,United States,Nebraska,Columbus
68701.0,United States,Nebraska,Norfolk
68801.0,United States,Nebraska,Grand Island
68847.0,United States,Nebraska,Kearney
69101.0,United States,Nebraska,North Platte
70003.0,United States,Louisiana,Metairie
70056.0,United States,Louisiana,Terrytown
70117.0,United States,Louisiana,New Orleans
70458.0,United States,Louisiana,Slidell
70506.0,United States,Louisiana,Lafayette
70560.0,United States,Louisiana,New Iberia
70601.0,United States,Louisiana,Lake Charles
70802.0,United States,Louisiana,Baton Rouge
71109.0,United States,Louisiana,Shreveport
71111.0,United States,Louisiana,Bossier City
71603.0,United States,Arkansas,Pine Bluff
71854.0,United States,Arkansas,Texarkana
71901.0,United States,Arkansas,Hot Springs
72022.0,United States,Arkansas,Bryant
72023.0,United States,Arkansas,Cabot
72113.0,United States,Arkansas,North Little Rock
72116.0,United States,Arkansas,Sherwood
72143.0,United States,Arkansas,Searcy
72209.0,United States,Arkansas,Little Rock
72301.0,United States,Arkansas,West Memphis
72401.0,United States,Arkansas,Jonesboro
72450.0,United States,Arkansas,Paragould
72756.0,United States,Arkansas,Rogers
72956.0,United States,Arkansas,Van Buren
73064.0,United States,Oklahoma,Mustang
73071.0,United States,Oklahoma,Norman
73110.0,United States,Oklahoma,Midwest City
73160.0,United States,Oklahoma,Moore
73505.0,United States,Oklahoma,Lawton
73521.0,United States,Oklahoma,Altus
73703.0,United States,Oklahoma,Enid
74006.0,United States,Oklahoma,Bartlesville
74133.0,United States,Oklahoma,Tulsa
75007.0,United States,Texas,Carrollton
75028.0,United States,Texas,Flower Mound
75043.0,United States,Texas,Garland
75051.0,United States,Texas,Grand Prairie
75056.0,United States,Texas,The Colony
75061.0,United States,Texas,Irving
75067.0,United States,Texas,Highland Village
75090.0,United States,Texas,Sherman
75104.0,United States,Texas,Cedar Hill
75109.0,United States,Texas,Corsicana
75146.0,United States,Texas,Lancaster
75203.0,United States,Texas,Dallas
75220.0,United States,Texas,Dallas
75234.0,United States,Texas,Farmers Branch
75401.0,United States,Texas,Greenville
75460.0,United States,Texas,Paris
75482.0,United States,Texas,Sulphur Springs
75901.0,United States,Texas,Lufkin
76021.0,United States,Texas,Bedford
76028.0,United States,Texas,Burleson
76039.0,United States,Texas,Euless
76053.0,United States,Texas,Hurst
76063.0,United States,Texas,Mansfield
76086.0,United States,Texas,Weatherford
76148.0,United States,Texas,Watauga
76201.0,United States,Texas,Denton
76240.0,United States,Texas,Gainesville
76248.0,United States,Texas,Keller
76541.0,United States,Texas,Killeen
76543.0,United States,Texas,Harker Heights
76706.0,United States,Texas,Waco
77015.0,United States,Texas,Cloverleaf
77036.0,United States,Texas,Houston
77041.0,United States,Texas,Houston
77301.0,United States,Texas,Conroe
77340.0,United States,Texas,Huntsville
77506.0,United States,Texas,Pasadena
77530.0,United States,Texas,Channelview
77546.0,United States,Texas,Friendswood
77566.0,United States,Texas,Lake Jackson
77803.0,United States,Texas,Bryan
77840.0,United States,Texas,College Station
78041.0,United States,Texas,Laredo
78155.0,United States,Texas,Seguin
78207.0,United States,Texas,San Antonio
78539.0,United States,Texas,Edinburg
78550.0,United States,Texas,Harlingen
78577.0,United States,Texas,Pharr
78589.0,United States,Texas,San Juan
78596.0,United States,Texas,Weslaco
78613.0,United States,Texas,Cedar Park
78626.0,United States,Texas,Georgetown
78641.0,United States,Texas,Leander
78660.0,United States,Texas,Pflugerville
78664.0,United States,Texas,Round Rock
78852.0,United States,Texas,Eagle Pass
79109.0,United States,Texas,Amarillo
79424.0,United States,Texas,Lubbock
79605.0,United States,Texas,Abilene
79701.0,United States,Texas,Midland
79762.0,United States,Texas,Odessa
79907.0,United States,Texas,El Paso
80004.0,United States,Colorado,Arvada
80013.0,United States,Colorado,Aurora
80020.0,United States,Colorado,Broomfield
80022.0,United States,Colorado,Commerce City
80027.0,United States,Colorado,Louisville
80033.0,United States,Colorado,Wheat Ridge
80112.0,United States,Colorado,Englewood
80122.0,United States,Colorado,Littleton
80126.0,United States,Colorado,Highlands Ranch
80229.0,United States,Colorado,Thornton
80525.0,United States,Colorado,Fort Collins
80538.0,United States,Colorado,Loveland
80817.0,United States,Colorado,Fountain
80906.0,United States,Colorado,Colorado Springs
81001.0,United States,Colorado,Pueblo
81007.0,United States,Colorado,Pueblo West
81301.0,United States,Colorado,Durango
81503.0,United States,Colorado,Grand Junction
82001.0,United States,Wyoming,Cheyenne
82901.0,United States,Wyoming,Rock Springs
83301.0,United States,Idaho,Twin Falls
83402.0,United States,Idaho,Idaho Falls
83440.0,United States,Idaho,Rexburg
83605.0,United States,Idaho,Caldwell
83616.0,United States,Idaho,Eagle
83701.0,United States,Idaho,Boise
83704.0,United States,Idaho,Boise
83814.0,United States,Idaho,Coeur D Alene
83843.0,United States,Idaho,Moscow
83854.0,United States,Idaho,Post Falls
84015.0,United States,Utah,Clearfield
84020.0,United States,Utah,Draper
84041.0,United States,Utah,Layton
84043.0,United States,Utah,Lehi
84062.0,United States,Utah,Pleasant Grove
84067.0,United States,Utah,Roy
84074.0,United States,Utah,Tooele
84084.0,United States,Utah,West Jordan
84106.0,United States,Utah,Salt Lake City
84107.0,United States,Utah,Murray
84117.0,United States,Utah,Holladay
84118.0,United States,Utah,Kearns
84120.0,United States,Utah,West Valley City
84604.0,United States,Utah,Provo
84660.0,United States,Utah,Spanish Fork
84663.0,United States,Utah,Springville
85204.0,United States,Arizona,Mesa
85224.0,United States,Arizona,Chandler
85234.0,United States,Arizona,Gilbert
85254.0,United States,Arizona,Scottsdale
85301.0,United States,Arizona,Glendale
85335.0,United States,Arizona,El Mirage
85345.0,United States,Arizona,Peoria
85374.0,United States,Arizona,Surprise
85705.0,United States,Arizona,Tucson
85737.0,United States,Arizona,Oro Valley
86001.0,United States,Arizona,Flagstaff
86301.0,United States,Arizona,Prescott
86314.0,United States,Arizona,Prescott Valley
86401.0,United States,Arizona,Kingman
86442.0,United States,Arizona,Bullhead City
87105.0,United States,New Mexico,Albuquerque
87505.0,United States,New Mexico,Santa Fe
88001.0,United States,New Mexico,Las Cruces
88101.0,United States,New Mexico,Clovis
88201.0,United States,New Mexico,Roswell
88240.0,United States,New Mexico,Hobbs
88310.0,United States,New Mexico,Alamogordo
89015.0,United States,Nevada,Henderson
89031.0,United States,Nevada,North Las Vegas
89041.0,United States,Nevada,Pahrump
89115.0,United States,Nevada,Las Vegas
89502.0,United States,Nevada,Reno
89701.0,United States,Nevada,Carson City
90004.0,United States,California,Los Angeles
90008.0,United States,California,Los Angeles
90022.0,United States,California,East Los Angeles
90041.0,United States,California,Los Angeles
90045.0,United States,California,Los Angeles
90049.0,United States,California,Los Angeles
90058.0,United States,California,Los Angeles
90061.0,United States,California,Los Angeles
90068.0,United States,California,Los Angeles
90069.0,United States,California,West Hollywood
90210.0,United States,California,Beverly Hills
90278.0,United States,California,Redondo Beach
90503.0,United States,California,Torrance
90604.0,United States,California,Whittier
90640.0,United States,California,Montebello
90712.0,United States,California,Lakewood
91104.0,United States,California,Pasadena
91360.0,United States,California,Thousand Oaks
91730.0,United States,California,Rancho Cucamonga
91745.0,United States,California,Hacienda Heights
91767.0,United States,California,Pomona
91776.0,United States,California,San Gabriel
91941.0,United States,California,La Mesa
91945.0,United States,California,Lemon Grove
92008.0,United States,California,Carlsbad
92024.0,United States,California,San Diego
92037.0,United States,California,San Diego
92231.0,United States,California,Calexico
92236.0,United States,California,Coachella
92243.0,United States,California,El Centro
92277.0,United States,California,Twentynine Palms
92307.0,United States,California,Apple Valley
92345.0,United States,California,Hesperia
92374.0,United States,California,Redlands
92399.0,United States,California,Yucaipa
92503.0,United States,California,Riverside
92553.0,United States,California,Moreno Valley
92592.0,United States,California,Temecula
92627.0,United States,California,Costa Mesa
92646.0,United States,California,Huntington Beach
92653.0,United States,California,Laguna Hills
92672.0,United States,California,San Clemente
92677.0,United States,California,Laguna Niguel
92691.0,United States,California,Mission Viejo
93010.0,United States,California,Camarillo
93030.0,United States,California,Oxnard
93117.0,United States,California,Goleta
93309.0,United States,California,Bakersfield
93422.0,United States,California,Atascadero
93454.0,United States,California,Santa Maria
93635.0,United States,California,Los Banos
93727.0,United States,California,Fresno
93905.0,United States,California,Salinas
94024.0,United States,California,Los Altos
94025.0,United States,California,Menlo Park
94043.0,United States,California,Mountain View
94061.0,United States,California,Redwood City
94070.0,United States,California,San Carlos
94086.0,United States,California,Sunnyvale
94109.0,United States,California,San Francisco
94110.0,United States,California,San Francisco
94122.0,United States,California,San Francisco
94521.0,United States,California,Concord
94533.0,United States,California,Fairfield
94559.0,United States,California,Napa
94568.0,United States,California,Dublin
94591.0,United States,California,Vallejo
94601.0,United States,California,Oakland
94704.0,United States,California,Berkeley
94952.0,United States,California,Petaluma
95020.0,United States,California,Gilroy
95032.0,United States,California,Los Gatos
95051.0,United States,California,Santa Clara
95062.0,United States,California,Santa Cruz
95070.0,United States,California,Saratoga
95207.0,United States,California,Stockton
95336.0,United States,California,Manteca
95404.0,United States,California,Santa Rosa
95501.0,United States,California,Eureka
95616.0,United States,California,Davis
95630.0,United States,California,El Dorado Hills
95661.0,United States,California,Roseville
95687.0,United States,California,Vacaville
95695.0,United States,California,Woodland
95746.0,United States,California,Granite Bay
95823.0,United States,California,Sacramento
95928.0,United States,California,Chico
95991.0,United States,California,Yuba City
96003.0,United States,California,Redding
96150.0,United States,California,South Lake Tahoe
97030.0,United States,Oregon,Gresham
97035.0,United States,Oregon,Lake Oswego
97060.0,United States,Oregon,Troutdale
97062.0,United States,Oregon,Tualatin
97068.0,United States,Oregon,West Linn
97071.0,United States,Oregon,Woodburn
97128.0,United States,Oregon,Mcminnville
97330.0,United States,Oregon,Corvallis
97420.0,United States,Oregon,Coos Bay
97504.0,United States,Oregon,Medford
97526.0,United States,Oregon,Grants Pass
97756.0,United States,Oregon,Redmond
98026.0,United States,Washington,Edmonds
98034.0,United States,Washington,Kirkland
98037.0,United States,Washington,Lynnwood
98052.0,United States,Washington,Redmond
98103.0,United States,Washington,Seattle
98105.0,United States,Washington,Seattle
98107.0,United States,Washington,Seattle
98115.0,United States,Washington,Seattle
98119.0,United States,Washington,Seattle
98158.0,United States,Washington,Seatac
98198.0,United States,Washington,Des Moines
98221.0,United States,Washington,Anacortes
98226.0,United States,Washington,Bellingham
98273.0,United States,Washington,Mount Vernon
98373.0,United States,Washington,Puyallup
98387.0,United States,Washington,Spanaway
98408.0,United States,Washington,Tacoma
98444.0,United States,Washington,Parkland
98503.0,United States,Washington,Lacey
98632.0,United States,Washington,Longview
98661.0,United States,Washington,Vancouver
99163.0,United States,Washington,Pullman
99207.0,United States,Washington,Spokane
99301.0,United States,Washington,Pasco
99352.0,United States,Washington,Richland
99362.0,United States,Washington,Walla Walla
