RowID,ProductName,ProductContainer,Subcategory
1,Howard Miller 12-3/4 Diameter Accuwave DS ™ Wall Clock,Small Box,1
2,Newell 321,Wrap Bag,17
3,Newell 351,Wrap Bag,17
4,"OIC Colored Binder Clips, Assorted Sizes",Wrap Bag,6
5,Xerox 193,Small Box,5
6,"Snap-A-Way® Black Print Carbonless Speed Message, No Reply Area, Duplicate",Wrap Bag,5
7,Office Star - Mid Back Dual function Ergonomic High Back Chair with 2-Way Adjustable Arms,Jumbo Drum,2
8,"Belkin 107-key enhanced keyboard, USB/PS/2 interface",Small Box,12
9,5185,Small Box,13
10,"Eldon Regeneration Recycled Desk Accessories, Smoke",Small Pack,1
11,"#10-4 1/8"" x 9 1/2"" Premium Diagonal Seam Envelopes",Small Box,7
12,Tenex B1-RE Series Chair Mats for Low Pile Carpets,Wrap Bag,1
13,Global Ergonomic Managers Chair,Jumbo Drum,2
14,Riverleaf Stik-Withit® Designer Note Cubes®,Wrap Bag,5
15,Newell 323,Wrap Bag,17
16,Avery Arch Ring Binders,Small Box,9
17,APC 7 Outlet Network SurgeArrest Surge Protector,Small Box,16
18,Durable Pressboard Binders,Small Box,9
19,Fellowes 17-key keypad for PS/2 interface,Small Box,12
20,StarTAC ST7762,Small Box,13
21,Fellowes Super Stor/Drawer® Files,Small Box,11
22,Xerox 1933,Small Box,5
23,"Imation 3.5"" Unformatted DS/HD Diskettes, 10/Box",Small Pack,12
24,Fellowes Black Plastic Comb Bindings,Small Box,9
25,"Eldon Expressions™ Desk Accessory, Wood Pencil Holder, Oak",Small Box,1
26,Sanyo 2.5 Cubic Foot Mid-Size Office Refrigerators,Jumbo Drum,16
27,Lock-Up Easel 'Spel-Binder',Small Box,9
28,"Memorex 4.7GB DVD+R, 3/Pack",Small Pack,12
29,"Eldon Spacemaker® Box, Quick-Snap Lid, Clear",Wrap Bag,17
30,DIXON Oriole® Pencils,Wrap Bag,17
31,StarTAC Series,Small Box,13
32,Keytronic 105-Key Spanish Keyboard,Small Box,12
33,Xerox 214,Small Box,5
34,Tennsco Commercial Shelving,Large Box,11
35,ACCOHIDE® Binder by Acco,Small Box,9
36,"O'Sullivan Elevations Bookcase, Cherry Finish",Jumbo Box,3
37,"Memorex 4.7GB DVD+RW, 3/Pack",Small Pack,12
38,MicroTAC 650,Small Box,13
39,High Speed Automatic Electric Letter Opener,Medium Box,8
40,Bell Sonecor JB700 Caller ID,Medium Box,13
41,O'Sullivan Living Dimensions 3-Shelf Bookcases,Jumbo Box,3
42,Xerox 1971,Small Box,5
43,Accessory4,Wrap Bag,13
44,3M Office Air Cleaner,Medium Box,16
45,Deluxe Rollaway Locking File with Drawer,Small Box,11
46,GBC Instant Index™ System for Binding Systems,Small Box,9
47,Xerox 4200 Series MultiUse Premium Copy Paper (20Lb. and 84 Bright),Small Box,5
48,T18,Small Box,13
49,Fellowes EZ Multi-Media Keyboard,Small Box,12
50,Telescoping Adjustable Floor Lamp,Large Box,1
51,Binding Machine Supplies,Small Box,9
52,"Master Giant Foot® Doorstop, Safety Yellow",Wrap Bag,1
53,14-7/8 x 11 Blue Bar Computer Printout Paper,Small Box,5
54,Newell 333,Wrap Bag,17
55,"Office Star - Contemporary Task Swivel chair with 2-way adjustable arms, Plum",Jumbo Drum,2
56,2160i,Small Box,13
57,Staples 6 Outlet Surge,Small Box,16
58,Cardinal Poly Pocket Divider Pockets for Ring Binders,Small Box,9
59,Canon PC1060 Personal Laser Copier,Large Box,15
60,Nu-Dell Executive Frame,Small Pack,1
61,GBC Recycled Regency Composition Covers,Small Box,9
62,Accessory29,Small Pack,13
63,"Soundgear Copyboard Conference Phone, Optional Battery",Medium Box,14
64,BoxOffice By Design Rectangular and Half-Moon Meeting Room Tables,Jumbo Box,4
65,Sharp 1540cs Digital Laser Copier,Jumbo Drum,15
66,2160,Small Box,13
67,White GlueTop Scratch Pads,Wrap Bag,5
68,"ACCOHIDE® 3-Ring Binder, Blue, 1""",Small Box,9
69,"Avery 4027 File Folder Labels for Dot Matrix Printers, 5000 Labels per Box, White",Small Box,10
70,9-3/4 Diameter Round Wall Clock,Small Box,1
71,"80 Minute CD-R Spindle, 100/Pack - Staples",Small Pack,12
72,3M Hangers With Command Adhesive,Wrap Bag,1
73,"Adams Telephone Message Book w/Frequently-Called Numbers Space, 400 Messages per Book",Wrap Bag,5
74,Bretford “Just In Time” Height-Adjustable Multi-Task Work Tables,Jumbo Box,4
75,Xerox 1976,Small Box,5
76,Coloredge Poster Frame,Wrap Bag,1
77,Eldon® Wave Desk Accessories,Small Box,1
78,"Sauder Facets Collection Locker/File Cabinet, Sky Alder Finish",Jumbo Drum,11
79,"Howard Miller 13-3/4"" Diameter Brushed Chrome Round Wall Clock",Small Box,1
80,"Executive Impressions 13"" Chairman Wall Clock",Small Pack,1
81,Staples Bulldog Clip,Wrap Bag,6
82,"Executive Impressions 14"" Two-Color Numerals Wall Clock",Small Pack,1
83,Newell® 3-Hole Punched Plastic Slotted Magazine Holders for Binders,Small Box,9
84,Avery 498,Small Box,10
85,Xerox 1891,Small Box,5
86,"Sanford Colorific Colored Pencils, 12/Box",Wrap Bag,17
87,R380,Small Box,13
88,"Executive Impressions 12"" Wall Clock",Small Pack,1
89,"Tennsco Snap-Together Open Shelving Units, Starter Sets and Add-On Units",Large Box,11
90,Avery® Durable Slant Ring Binders With Label Holder,Small Box,9
91,BASF Silver 74 Minute CD-R,Small Pack,12
92,"Imation Neon Mac Format Diskettes, 10/Pack",Small Pack,12
93,"Deflect-o EconoMat Nonstudded, No Bevel Mat",Medium Box,1
94,Keytronic Designer 104- Key Black Keyboard,Small Box,12
95,2180,Small Box,13
96,"Holmes Replacement Filter for HEPA Air Cleaner, Large Room",Small Box,16
97,"Eldon Expressions Punched Metal & Wood Desk Accessories, Pewter & Cherry",Small Box,1
98,Prang Drawing Pencil Set,Wrap Bag,17
99,"Array® Parchment Paper, Assorted Colors",Small Box,5
100,Accessory39,Small Pack,13
101,"Memorex 4.7GB DVD-RAM, 3/Pack",Small Pack,12
102,Xerox 1993,Small Box,5
103,Avery Printable Repositionable Plastic Tabs,Small Box,9
104,Holmes Odor Grabber,Medium Box,16
105,"Adams Phone Message Book, Professional, 400 Message Capacity, 5 3/6” x 11”",Wrap Bag,5
106,Xerox 1985,Small Box,5
107,"Deflect-o SuperTray™ Unbreakable Stackable Tray, Letter, Black",Small Box,1
108,"Carina 42""Hx23 3/4""W Media Storage Unit",Large Box,11
109,Xerox 224,Small Box,5
110,"SAFCO PlanMaster Heigh-Adjustable Drafting Table Base, 43w x 30d x 30-37h, Black",Jumbo Drum,4
111,"Global Stack Chair without Arms, Black",Jumbo Drum,2
112,"Metal Folding Chairs, Beige, 4/Carton",Jumbo Drum,2
113,232,Small Box,13
114,Document Clip Frames,Wrap Bag,1
115,Newell 337,Wrap Bag,17
116,"DS/HD IBM Formatted Diskettes, 200/Pack - Staples",Small Pack,12
117,Office Star - Professional Matrix Back Chair with 2-to-1 Synchro Tilt and Mesh Fabric Seat,Jumbo Drum,2
118,"Avery Trapezoid Ring Binder, 3"" Capacity, Black, 1040 sheets",Small Box,9
119,Epson DFX5000+ Dot Matrix Printer,Jumbo Drum,14
120,Xerox 1910,Small Box,5
121,Newell 320,Wrap Bag,17
122,Self-Adhesive Address Labels for Typewriters by Universal,Small Box,10
123,Turquoise Lead Holder with Pocket Clip,Wrap Bag,17
124,Panasonic KX-P1150 Dot Matrix Printer,Jumbo Drum,14
125,Newell 343,Wrap Bag,17
126,"Staples Wirebound Steno Books, 6"" x 9"", 12/Pack",Wrap Bag,5
127,Xerox 1893,Small Box,5
128,Panasonic KX-P3626 Dot Matrix Printer,Jumbo Box,14
129,Ampad #10 Peel & Seel® Holiday Envelopes,Small Box,7
130,"GBC Pre-Punched Binding Paper, Plastic, White, 8-1/2"" x 11""",Small Box,9
131,Xerox 1982,Small Box,5
132,Boston 16701 Slimline Battery Pencil Sharpener,Small Pack,17
133,"Executive Impressions 13"" Clairmont Wall Clock",Small Pack,1
134,"Acme Hot Forged Carbon Steel Scissors with Nickel-Plated Handles, 3 7/8"" Cut, 8""L",Small Pack,8
135,Accessory36,Small Pack,13
136,"Sanyo Counter Height Refrigerator with Crisper, 3.6 Cubic Foot, Stainless Steel/Black",Jumbo Drum,16
137,"Telephone Message Books with Fax/Mobile Section, 5 1/2"" x 3 3/16""",Wrap Bag,5
138,Acme® Forged Steel Scissors with Black Enamel Handles,Small Pack,8
139,Hon Olson Stacker Stools,Large Box,2
140,GBC Wire Binding Strips,Small Box,9
141,Talkabout T8367,Small Box,13
142,Westinghouse Clip-On Gooseneck Lamps,Large Box,1
143,Eureka Disposable Bags for Sanitaire® Vibra Groomer I® Upright Vac,Small Box,16
144,Plymouth Boxed Rubber Bands by Plymouth,Wrap Bag,6
145,"Important Message Pads, 50 4-1/4 x 5-1/2 Forms per Pad",Wrap Bag,5
146,"#10- 4 1/8"" x 9 1/2"" Security-Tint Envelopes",Small Box,7
147,"C-Line Peel & Stick Add-On Filing Pockets, 8-3/4 x 5-1/8, 10/Pack",Small Box,9
148,Canon Imageclass D680 Copier / Fax,Large Box,15
149,Logitech Internet Navigator Keyboard,Small Box,12
150,Xerox 1897,Small Box,5
151,Epson LQ-570e Dot Matrix Printer,Jumbo Drum,14
152,Hoover WindTunnel™ Plus Canister Vacuum,Small Box,16
153,Xerox 1939,Small Box,5
154,Avery 497,Small Box,10
155,"Pressboard Covers with Storage Hooks, 9 1/2"" x 11"", Light Blue",Small Box,9
156,Canon imageCLASS 2200 Advanced Copier,Large Box,15
157,"Verbatim DVD-RAM, 5.2GB, Rewritable, Type 1, DS",Small Pack,12
158,Southworth 25% Cotton Antique Laid Paper & Envelopes,Small Box,5
159,Newell 312,Wrap Bag,17
160,"Imation 3.5"", DISKETTE 44766 HGHLD3.52HD/FM, 10/Pack",Small Pack,12
161,GBC VeloBinder Electric Binding Machine,Small Box,9
162,Adesso Programmable 142-Key Keyboard,Small Box,12
163,US Robotics 56K V.92 External Faxmodem,Small Box,12
164,i470,Small Box,13
165,SAFCO Folding Chair Trolley,Medium Box,2
166,"Eldon® Expressions™ Wood Desk Accessories, Oak",Small Box,1
167,Polycom VoiceStation 100,Medium Box,14
168,Phone 918,Small Box,13
169,"Avery Flip-Chart Easel Binder, Black",Small Box,9
170,G.E. Halogen Desk Lamp Bulbs,Small Pack,1
171,Avery Binder Labels,Small Box,9
172,Hon Every-Day® Chair Series Swivel Task Chairs,Jumbo Drum,2
173,"IBM Multi-Purpose Copy Paper, 8 1/2 x 11"", Case",Small Box,5
174,Bionaire Personal Warm Mist Humidifier/Vaporizer,Medium Box,16
175,"Sauder Forest Hills Library, Woodland Oak Finish",Jumbo Box,3
176,Bush Advantage Collection® Round Conference Table,Jumbo Box,4
177,Economy Binders,Small Box,9
178,Carina Double Wide Media Storage Towers in Natural & Black,Large Box,11
179,Advantus Map Pennant Flags and Round Head Tacks,Wrap Bag,6
180,Xerox 1928,Small Box,5
181,"Wilson Jones Ledger-Size, Piano-Hinge Binder, 2"", Blue",Small Box,9
182,Okidata ML390 Turbo Dot Matrix Printers,Jumbo Drum,14
183,Safco Contoured Stacking Chairs,Large Box,2
184,Canon PC-428 Personal Copier,Large Box,15
185,Canon MP41DH Printing Calculator,Medium Box,14
186,Fellowes High-Stak® Drawer Files,Small Box,11
187,Accessory24,Small Pack,13
188,Avery 491,Small Box,10
189,Avery White Multi-Purpose Labels,Small Box,10
190,Timeport L7089,Small Box,13
191,Epson C62 Color Inkjet Printer,Jumbo Box,14
192,Nu-Dell Leatherette Frames,Small Pack,1
193,Xerox 1894,Small Box,5
194,Accessory20,Small Pack,13
195,Keytronic French Keyboard,Small Box,12
196,Presstex Flexible Ring Binders,Small Box,9
197,"Staples #10 Laser & Inkjet Envelopes, 4 1/8"" x 9 1/2"", 100/Box",Small Box,7
198,*Staples* Highlighting Markers,Wrap Bag,17
199,Bevis 36 x 72 Conference Tables,Jumbo Box,4
200,i2000,Small Box,13
201,"Manila Recycled Extra-Heavyweight Clasp Envelopes, 6"" x 9""",Small Box,7
202,"Global Leather and Oak Executive Chair, Black",Jumbo Drum,2
203,"Tennsco Lockers, Sand",Jumbo Drum,11
204,Kensington 7 Outlet MasterPiece Power Center,Small Box,16
205,"Howard Miller 13"" Diameter Goldtone Round Wall Clock",Small Box,1
206,GBC Binding covers,Small Box,9
207,5180,Small Box,13
208,"Recycled Desk Saver Line ""While You Were Out"" Book, 5 1/2"" X 4""",Wrap Bag,5
209,Fellowes Staxonsteel® Drawer Files,Small Box,11
210,Ibico Covers for Plastic or Wire Binding Elements,Small Box,9
211,Hanging Personal Folder File,Small Box,11
212,Tennsco Double-Tier Lockers,Jumbo Drum,11
213,Epson C82 Color Inkjet Printer,Jumbo Drum,14
214,Avery Legal 4-Ring Binder,Small Box,9
215,"Global High-Back Leather Tilter, Burgundy",Jumbo Drum,2
216,"Maxell 3.5"" DS/HD IBM-Formatted Diskettes, 10/Pack",Small Pack,12
217,Canon Image Class D660 Copier,Large Box,15
218,Staples 1 Part Blank Computer Paper,Small Box,5
219,Advantus Panel Wall Certificate Holder - 8.5x11,Small Pack,1
220,Avery Durable Poly Binders,Small Box,9
221,Martin-Yale Premier Letter Opener,Wrap Bag,8
222,"GBC Prepunched Paper, 19-Hole, for Binding Systems, 24-lb",Small Box,9
223,Recycled Eldon Regeneration Jumbo File,Small Box,11
224,"Tenex Contemporary Contur Chairmats for Low and Medium Pile Carpet, Computer, 39"" x 49""",Medium Box,1
225,"Acme® 8"" Straight Scissors",Small Pack,8
226,Eldon® 200 Class™ Desk Accessories,Small Box,1
227,Staples Copy Paper (20Lb. and 84 Bright),Small Box,5
228,Tennsco Industrial Shelving,Large Box,11
229,"Acme Design Line 8"" Stainless Steel Bent Scissors w/Champagne Handles, 3-1/8"" Cut",Small Pack,8
230,Accessory28,Small Pack,13
231,"Avery 05222 Permanent Self-Adhesive File Folder Labels for Typewriters, on Rolls, White, 250/Roll",Small Box,10
232,"Tenex Traditional Chairmats for Medium Pile Carpet, Standard Lip, 36"" x 48""",Medium Box,1
233,Avery Binding System Hidden Tab™ Executive Style Index Sets,Small Box,9
234,Euro Pro Shark Stick Mini Vacuum,Large Box,16
235,Xerox 1978,Small Box,5
236,"Wirebound Message Book, 4 per Page",Wrap Bag,5
237,Sharp EL500L Fraction Calculator,Medium Box,14
238,"Riverside Palais Royal Lawyers Bookcase, Royale Cherry Finish",Jumbo Box,3
239,Staples Battery-Operated Desktop Pencil Sharpener,Small Pack,17
240,Canon P1-DHIII Palm Printing Calculator,Medium Box,14
241,Xerox 1896,Small Box,5
242,"Gould Plastics 9-Pocket Panel Bin, 18-3/8w x 5-1/4d x 20-1/2h, Black",Small Box,11
243,"Wirebound Message Books, Four 2 3/4"" x 5"" Forms per Page, 600 Sets per Book",Wrap Bag,5
244,Newell 315,Wrap Bag,17
245,"Bush Westfield Collection Bookcases, Dark Cherry Finish, Fully Assembled",Jumbo Box,3
246,Accessory34,Wrap Bag,13
247,Xerox 1983,Small Box,5
248,"Wilson Jones Hanging View Binder, White, 1""",Small Box,9
249,"Fellowes Basic 104-Key Keyboard, Platinum",Small Box,12
250,Ibico Recycled Linen-Style Covers,Small Box,9
251,Self-Adhesive Ring Binder Labels,Small Box,9
252,"Tenex File Box, Personal Filing Tote with Lid, Black",Small Box,11
253,Quality Park Security Envelopes,Small Box,7
254,Office Star - Ergonomic Mid Back Chair with 2-Way Adjustable Arms,Jumbo Drum,2
255,Belkin F9M820V08 8 Outlet Surge,Small Box,16
256,"Bravo II™ Megaboss® 12-Amp Hard Body Upright, Replacement Belts, 2 Belts per Pack",Large Box,16
257,"Rubbermaid ClusterMat Chairmats, Mat Size- 66"" x 60"", Lip 20"" x 11"" -90 Degree Angle",Medium Box,1
258,Micro Innovations Media Access Pro Keyboard,Small Box,12
259,Xerox 1937,Small Box,5
260,Xerox 1986,Small Box,5
261,Honeywell Quietcare HEPA Air Cleaner,Medium Box,16
262,Kensington 6 Outlet Guardian Standard Surge Protector,Small Box,16
263,"#10 White Business Envelopes,4 1/8 x 9 1/2",Small Box,7
264,"Hon Metal Bookcases, Putty",Jumbo Box,3
265,Newell 309,Wrap Bag,17
266,Eldon Jumbo ProFile™ Portable File Boxes Graphite/Black,Small Box,11
267,Avery 493,Small Box,10
268,Xerox 220,Small Box,5
269,Canon BP1200DH 12-Digit Bubble Jet Printing Calculator,Medium Box,14
270,688,Small Box,13
271,Xerox 1908,Small Box,5
272,Xerox 199,Small Box,5
273,Bretford Rectangular Conference Table Tops,Jumbo Box,4
274,Bush Advantage Collection® Racetrack Conference Table,Jumbo Box,4
275,T28 WORLD,Small Box,13
276,"Atlantic Metals Mobile 2-Shelf Bookcases, Custom Colors",Jumbo Box,3
277,Accessory41,Wrap Bag,13
278,Imation 5.2GB DVD-RAM,Small Pack,12
279,Avery 481,Small Box,10
280,i500plus,Small Box,13
281,"Speediset Carbonless Redi-Letter® 7"" x 8 1/2""",Wrap Bag,5
282,"Atlantic Metals Mobile 3-Shelf Bookcases, Custom Colors",Jumbo Box,3
283,Ultra Door Pull Handle,Small Pack,1
284,Xerox 1920,Small Box,5
285,Hon 4070 Series Pagoda™ Armless Upholstered Stacking Chairs,Jumbo Drum,2
286,Okidata ML320 Series Turbo Dot Matrix Printers,Jumbo Box,14
287,Xerox 1994,Small Box,5
288,Hon Pagoda™ Stacking Chairs,Large Box,2
289,StarTAC 6500,Small Box,13
290,Xerox 1974,Small Box,5
291,Bush Mission Pointe Library,Jumbo Box,3
292,"Fellowes Internet Keyboard, Platinum",Small Box,12
293,Epson DFX-8500 Dot Matrix Printer,Jumbo Drum,14
294,"Hon Deluxe Fabric Upholstered Stacking Chairs, Rounded Back",Jumbo Drum,2
295,Binder Posts,Small Box,9
296,Eldon Cleatmat® Chair Mats for Medium Pile Carpets,Medium Box,1
297,"Advantus Employee of the Month Certificate Frame, 11 x 13-1/2",Small Pack,1
298,Panasonic KX-P3200 Dot Matrix Printer,Jumbo Drum,14
299,Hon 94000 Series Round Tables,Jumbo Box,4
300,Xerox 1979,Small Box,5
301,Brown Kraft Recycled Envelopes,Small Box,7
302,Stanley Bostitch Contemporary Electric Pencil Sharpeners,Small Pack,17
303,282,Small Box,13
304,Tensor Computer Mounted Lamp,Large Box,1
305,Avery 51,Small Box,10
306,Rediform S.O.S. Phone Message Books,Wrap Bag,5
307,3285,Small Box,13
308,Kensington 7 Outlet MasterPiece Power Center with Fax/Phone Line Protection,Small Box,16
309,"Acco Four Pocket Poly Ring Binder with Label Holder, Smoke, 1""",Small Box,9
310,Xerox 213,Small Box,5
311,"Holmes Replacement Filter for HEPA Air Cleaner, Medium Room",Medium Box,16
312,Acme Galleria® Hot Forged Steel Scissors with Colored Handles,Small Pack,8
313,"Belkin 325VA UPS Surge Protector, 6'",Small Box,16
314,"Westinghouse Floor Lamp with Metal Mesh Shade, Black",Jumbo Drum,1
315,V70,Small Box,13
316,Xerox 1903,Small Box,5
317,Harmony HEPA Quiet Air Purifiers,Medium Box,16
318,Holmes HEPA Air Purifier,Medium Box,16
319,Logitech Cordless Navigator Duo,Small Box,12
320,Tyvek® Side-Opening Peel & Seel® Expanding Envelopes,Small Box,7
321,Newell 318,Wrap Bag,17
322,Rubber Band Ball,Wrap Bag,6
323,"Peel & Seel® Recycled Catalog Envelopes, Brown",Small Box,7
324,Newell 310,Wrap Bag,17
325,GBC Therma-A-Bind 250T Electric Binding System,Small Box,9
326,Avery Hi-Liter® Fluorescent Desk Style Markers,Wrap Bag,17
327,"Holmes Replacement Filter for HEPA Air Cleaner, Very Large Room, HEPA Filter",Jumbo Drum,16
328,"Rediform Wirebound ""Phone Memo"" Message Book, 11 x 5-3/4",Wrap Bag,5
329,"Global Airflow Leather Mesh Back Chair, Black",Jumbo Drum,2
330,Logitech Cordless Elite Duo,Small Box,12
331,Hoover Portapower™ Portable Vacuum,Large Box,16
332,"White Dual Perf Computer Printout Paper, 2700 Sheets, 1 Part, Heavyweight, 20 lbs., 14 7/8 x 11",Small Box,5
333,Avery Premier Heavy-Duty Binder with Round Locking Rings,Small Box,9
334,SANFORD Major Accent™ Highlighters,Wrap Bag,17
335,7160,Small Box,13
336,"Dual Level, Single-Width Filing Carts",Small Box,11
337,3M Organizer Strips,Small Box,9
338,GBC Standard Plastic Binding Systems Combs,Small Box,9
339,Lexmark Z54se Color Inkjet Printer,Jumbo Drum,14
340,Newell 31,Wrap Bag,17
341,"GBC Twin Loop™ Wire Binding Elements, 9/16"" Spine, Black",Small Box,9
342,Xerox 227,Small Box,5
343,Nu-Form 106-Key Ergonomic Keyboard w/ Touchpad,Small Box,12
344,Xerox 1989,Small Box,5
345,Hon 4700 Series Mobuis™ Mid-Back Task Chairs with Adjustable Arms,Jumbo Drum,2
346,GBC Standard Therm-A-Bind Covers,Small Box,9
347,Staples Premium Bright 1-Part Blank Computer Paper,Small Box,5
348,5165,Small Box,13
349,GBC ProClick Spines for 32-Hole Punch,Small Box,9
350,12 Colored Short Pencils,Wrap Bag,17
351,"Mead 1st Gear 2"" Zipper Binder, Asst. Colors",Small Box,9
352,Avery 508,Small Box,10
353,Okidata ML520 Series Dot Matrix Printers,Jumbo Drum,14
354,"TOPS Voice Message Log Book, Flash Format",Wrap Bag,5
355,Avery 48,Small Box,10
356,Xerox 20,Small Box,5
357,"Boston School Pro Electric Pencil Sharpener, 1670",Small Pack,17
358,Electrix Halogen Magnifier Lamp,Large Box,1
359,Luxo Professional Fluorescent Magnifier Lamp with Clamp-Mount Base,Large Box,1
360,i1000,Small Box,13
361,Hand-Finished Solid Wood Document Frame,Small Box,1
362,"Executive Impressions 8-1/2"" Career Panel/Partition Cubicle Clock",Small Pack,1
363,Xerox 1962,Small Box,5
364,Staples Vinyl Coated Paper Clips,Wrap Bag,6
365,Avery 492,Small Box,10
366,Bretford CR4500 Series Slim Rectangular Table,Jumbo Box,4
367,"Memo Book, 100 Message Capacity, 5 3/8” x 11”",Wrap Bag,5
368,Polycom ViaVideo™ Desktop Video Communications Unit,Large Box,14
369,Newell 346,Wrap Bag,17
370,Avery 479,Small Box,10
371,Wirebound Voice Message Log Book,Wrap Bag,5
372,Barrel Sharpener,Small Pack,17
373,A1228,Small Box,13
374,"Premier Elliptical Ring Binder, Black",Small Box,9
375,"Sony MFD2HD Formatted Diskettes, 10/Pack",Small Pack,12
376,Boston 16801 Nautilus™ Battery Pencil Sharpener,Small Pack,17
377,Canon MP25DIII Desktop Whisper-Quiet Printing Calculator,Medium Box,14
378,Lexmark Z25 Color Inkjet Printer,Jumbo Drum,14
379,1726 Digital Answering Machine,Medium Box,13
380,Aluminum Document Frame,Small Pack,1
381,Fellowes Bases and Tops For Staxonsteel®/High-Stak® Systems,Small Box,11
382,Ibico Hi-Tech Manual Binding System,Small Box,9
383,V 3600 Series,Small Box,13
384,Hon 2111 Invitation™ Series Corner Table,Large Box,4
385,Xerox 1973,Small Box,5
386,Hewlett-Packard Deskjet 940 REFURBISHED Color Inkjet Printer,Jumbo Box,14
387,Xerox 1997,Small Box,5
388,Xerox 194,Small Box,5
389,Epson LQ-870 Dot Matrix Printer,Jumbo Drum,14
390,"Global Leather Task Chair, Black",Jumbo Drum,2
391,"Snap-A-Way® Black Print Carbonless Ruled Speed Letter, Triplicate",Wrap Bag,5
392,Accessory21,Wrap Bag,13
393,Microsoft Multimedia Keyboard,Small Box,12
394,Accessory31,Small Pack,13
395,Newell 338,Wrap Bag,17
396,Wilson Jones 14 Line Acrylic Coated Pressboard Data Binders,Small Box,9
397,Avery Hi-Liter® Smear-Safe Highlighters,Wrap Bag,17
398,"Bush Westfield Collection Bookcases, Fully Assembled",Jumbo Box,3
399,Xerox 196,Small Box,5
400,Tripp Lite Isotel 8 Ultra 8 Outlet Metal Surge,Small Box,16
401,Fiskars® Softgrip Scissors,Small Pack,8
402,Xerox 1881,Small Box,5
403,Hammermill CopyPlus Copy Paper (20Lb. and 84 Bright),Small Box,5
404,"Tensor ""Hersey Kiss"" Styled Floor Lamp",Large Box,1
405,Xerox 1906,Small Box,5
406,"Hot File® 7-Pocket, Floor Stand",Small Box,11
407,"*Staples* vLetter Openers, 2/Pack",Wrap Bag,8
408,"GBC White Gloss Covers, Plain Front",Small Box,9
409,Xerox 1995,Small Box,5
410,Artistic Insta-Plaque,Small Pack,1
411,Newell 307,Wrap Bag,17
412,"Eureka Hand Vacuum, Bagless",Small Box,16
413,V3682,Small Box,13
414,Canon S750 Color Inkjet Printer,Jumbo Drum,14
415,"Acco Smartsocket™ Table Surge Protector, 6 Color-Coded Adapter Outlets",Small Box,16
416,Assorted Color Push Pins,Wrap Bag,6
417,"Imation 3.5 IBM Diskettes, 10/Box",Small Pack,12
418,"GE 4 Foot Flourescent Tube, 40 Watt",Small Pack,1
419,300 Series Non-Flip,Small Box,13
420,Decoflex Hanging Personal Folder File,Small Box,11
421,"""While you Were Out"" Message Book, One Form per Page",Wrap Bag,5
422,"Tyvek ® Top-Opening Peel & Seel ® Envelopes, Gray",Small Box,7
423,Hewlett-Packard Deskjet 6122 Color Inkjet Printer,Jumbo Drum,14
424,Accessory37,Wrap Bag,13
425,Large Capacity Hanging Post Binders,Small Box,9
426,"Imation 3.5"" DS/HD IBM Formatted Diskettes, 50/Pack",Small Pack,12
427,"Acco Pressboard Covers with Storage Hooks, 14 7/8"" x 11"", Light Blue",Small Box,9
428,Xerox 1916,Small Box,5
429,Deflect-o DuraMat Antistatic Studded Beveled Mat for Medium Pile Carpeting,Large Box,1
430,Hon Comfortask® Task/Swivel Chairs,Jumbo Drum,2
431,Xerox 204,Small Box,5
432,"Black Print Carbonless Snap-Off® Rapid Letter, 8 1/2"" x 7""",Wrap Bag,5
433,Staples Plastic Wall Frames,Small Box,1
434,Cardinal Holdit Business Card Pockets,Small Box,9
435,Fellowes PB500 Electric Punch Plastic Comb Binding Machine with Manual Bind,Small Box,9
436,Crate-A-Files™,Small Box,11
437,Staples SlimLine Pencil Sharpener,Small Pack,17
438,"DAX Two-Tone Rosewood/Black Document Frame, Desktop, 5 x 7",Small Pack,1
439,Grip Seal Envelopes,Small Box,7
440,Staples Gold Paper Clips,Wrap Bag,6
441,StarTAC 7797,Small Box,13
442,DAX Natural Wood-Tone Poster Frame,Small Box,1
443,Advantus Plastic Paper Clips,Wrap Bag,6
444,Hewlett Packard 6S Scientific Calculator,Medium Box,14
445,Hon Valutask™ Swivel Chairs,Jumbo Drum,2
446,"6"" Cubicle Wall Clock, Black",Small Box,1
447,GBC DocuBind TL300 Electric Binding System,Small Box,9
448,Belkin 105-Key Black Keyboard,Small Box,12
449,"Atlantic Metals Mobile 5-Shelf Bookcases, Custom Colors",Jumbo Box,3
450,Avery Durable Binders,Small Box,9
451,Xerox 1964,Small Box,5
452,"Wirebound Message Books, 2 7/8"" x 5"", 3 Forms per Page",Wrap Bag,5
453,Laminate Occasional Tables,Large Box,4
454,Staples® General Use 3-Ring Binders,Small Box,9
455,Zoom V.92 USB External Faxmodem,Small Box,12
456,"Super Bands, 12/Pack",Wrap Bag,6
457,"Seth Thomas 8 1/2"" Cubicle Clock",Small Box,1
458,252,Small Box,13
459,Kleencut® Forged Office Shears by Acme United Corporation,Small Pack,8
460,Acme® Elite Stainless Steel Scissors,Small Pack,8
461,Hon iLevel™ Computer Training Table,Jumbo Box,4
462,Recycled Premium Regency Composition Covers,Small Box,9
463,"Brites Rubber Bands, 1 1/2 oz. Box",Wrap Bag,6
464,"80 Minute Slim Jewel Case CD-R , 10/Pack - Staples",Small Pack,12
465,Acco Keyboard-In-A-Box®,Small Box,12
466,Hoover Commercial Soft Guard Upright Vacuum And Disposable Filtration Bags,Small Box,16
467,Anderson Hickey Conga Table Tops & Accessories,Jumbo Box,4
468,"Avery Hi-Liter GlideStik Fluorescent Highlighter, Yellow Ink",Wrap Bag,17
469,"GE 48"" Fluorescent Tube, Cool White Energy Saver, 34 Watts, 30/Box",Small Pack,1
470,M70,Small Box,13
471,"Pressboard Data Binder, Crimson, 12"" X 8 1/2""",Small Box,9
472,8860,Small Box,13
473,Filing/Storage Totes and Swivel Casters,Small Box,11
474,"Howard Miller 16"" Diameter Gallery Wall Clock",Small Box,1
475,"Polycom Soundstation EX Audio-Conferencing Telephone, Black",Medium Box,14
476,"Tenex Personal Self-Stacking Standard File Box, Black/Gray",Small Box,11
477,Eldon Image Series Black Desk Accessories,Small Box,1
478,Xerox 188,Small Box,5
479,Motorola SB4200 Cable Modem,Small Box,12
480,Accessory25,Wrap Bag,13
481,Okidata ML395C Color Dot Matrix Printer,Jumbo Drum,14
482,Southworth 25% Cotton Linen-Finish Paper & Envelopes,Small Box,5
483,DAX Wood Document Frame.,Wrap Bag,1
484,Multimedia Mailers,Small Box,7
485,Accessory6,Small Pack,13
486,Xerox 210,Small Box,5
487,"Adams Phone Message Book, 200 Message Capacity, 8 1/16” x 11”",Wrap Bag,5
488,Xerox 212,Small Box,5
489,Smead Adjustable Mobile File Trolley with Lockable Top,Small Box,11
490,Computer Printout Paper with Letter-Trim Perforations,Small Box,5
491,Hewlett-Packard 2600DN Business Color Inkjet Printer,Jumbo Box,14
492,DAX Clear Channel Poster Frame,Small Box,1
493,SANFORD Liquid Accent™ Tank-Style Highlighters,Wrap Bag,17
494,SC7868i,Small Box,13
495,Tennsco Regal Shelving Units,Large Box,11
496,Belkin MediaBoard 104- Keyboard,Small Box,12
497,"Sharp EL501VB Scientific Calculator, Battery Operated, 10-Digit Display, Hard Case",Medium Box,14
498,2300 Heavy-Duty Transfer File Systems by Perma,Small Box,11
499,OIC Thumb-Tacks,Wrap Bag,6
500,Lexmark Z55se Color Inkjet Printer,Jumbo Drum,14
501,Round Specialty Laser Printer Labels,Small Box,10
502,Array® Memo Cubes,Wrap Bag,5
503,Avery Hanging File Binders,Small Box,9
504,"Advantus 10-Drawer Portable Organizer, Chrome Metal Frame, Smoke Drawers",Small Box,11
505,Advantus Push Pins,Wrap Bag,6
506,"Rush Hierlooms Collection 1"" Thick Stackable Bookcases",Jumbo Box,3
507,Eldon ClusterMat Chair Mat with Cordless Antistatic Protection,Medium Box,1
508,Hoover Replacement Belt for Commercial Guardsman Heavy-Duty Upright Vacuum,Small Box,16
509,"Companion Letter/Legal File, Black",Small Box,11
510,Bretford CR8500 Series Meeting Room Furniture,Jumbo Box,4
511,Fellowes Command Center 5-outlet power strip,Small Box,16
512,"Verbatim DVD-RAM, 9.4GB, Rewritable, Type 1, DS, DataLife Plus",Small Pack,12
513,"Linden® 12"" Wall Clock With Oak Frame",Small Box,1
514,Self-Adhesive Removable Labels,Small Box,10
515,Chromcraft Bull-Nose Wood Oval Conference Tables & Bases,Jumbo Box,4
516,Vinyl Sectional Post Binders,Small Box,9
517,"Imation 3.5"" IBM-Formatted Diskettes, 10/Pack",Small Pack,12
518,Avery 494,Small Box,10
519,"Micro Innovations Micro Digital Wireless Keyboard and Mouse, Gray",Small Box,12
520,Xerox 1923,Small Box,5
521,Balt Split Level Computer Training Table,Jumbo Box,4
522,"Seth Thomas 13 1/2"" Wall Clock",Small Box,1
523,"Global Leather & Oak Executive Chair, Burgundy",Jumbo Drum,2
524,"GBC Laser Imprintable Binding System Covers, Desert Sand",Small Box,9
525,Rush Hierlooms Collection Rich Wood Bookcases,Jumbo Box,3
526,HP Office Recycled Paper (20Lb. and 87 Bright),Small Box,5
527,5125,Small Box,13
528,Ibico Laser Imprintable Binding System Covers,Small Box,9
529,"Dixon Ticonderoga Core-Lock Colored Pencils, 48-Color Set",Wrap Bag,17
530,Eldon® Gobal File Keepers,Small Box,11
531,Staples Standard Envelopes,Small Box,7
532,Hayes Optima 56K V.90 Internal Voice Modem,Small Box,12
533,"Perma STOR-ALL™ Hanging File Box, 13 1/8""W x 12 1/4""D x 10 1/2""H",Small Box,11
534,Fluorescent Highlighters by Dixon,Wrap Bag,17
535,"IBM 80 Minute CD-R Spindle, 50/Pack",Small Pack,12
536,Xerox 1947,Small Box,5
537,g520,Small Box,13
538,Maxell DVD-RAM Discs,Small Pack,12
539,GBC DocuBind 200 Manual Binding Machine,Small Box,9
540,Fellowes Mighty 8 Compact Surge Protector,Small Box,16
541,"Memorex Slim 80 Minute CD-R, 10/Pack",Small Pack,12
542,Xerox 1996,Small Box,5
543,"Eldon® 200 Class™ Desk Accessories, Burgundy",Small Box,1
544,Xerox 1888,Small Box,5
545,"Eldon Expressions™ Desk Accessory, Wood Photo Frame, Mahogany",Small Box,1
546,Global Troy™ Executive Leather Low-Back Tilter,Jumbo Drum,2
547,DAX Solid Wood Frames,Medium Box,1
548,Newell 329,Wrap Bag,17
549,Stockwell Push Pins,Wrap Bag,6
550,"Bevis Round Conference Table Top, X-Base",Jumbo Box,4
551,Avery Reinforcements for Hole-Punch Pages,Small Box,9
552,Polycom ViewStation™ ISDN Videoconferencing Unit,Large Box,14
553,"GBC Clear Cover, 8-1/2 x 11, unpunched, 25 covers per pack",Small Box,9
554,Acme® Preferred Stainless Steel Scissors,Small Pack,8
555,"TDK 4.7GB DVD-R Spindle, 15/Pack",Small Pack,12
556,600 Series Non-Flip,Small Box,13
557,Panasonic KX-P2130 Dot Matrix Printer,Jumbo Drum,14
558,Xerox 1882,Small Box,5
559,"Letter/Legal File Tote with Clear Snap-On Lid, Black Granite",Small Box,11
560,"Eaton Premium Continuous-Feed Paper, 25% Cotton, Letter Size, White, 1000 Shts/Box",Small Box,5
561,Acco® Hot Clips™ Clips to Go,Wrap Bag,6
562,Belkin Premiere Surge Master II 8-outlet surge protector,Small Box,16
563,Staples Colored Interoffice Envelopes,Small Box,7
564,Electrix Fluorescent Magnifier Lamps & Weighted Base,Large Box,1
565,636,Small Box,13
566,Fellowes Stor/Drawer® Steel Plus™ Storage Drawers,Small Box,11
567,Ibico Presentation Index for Binding Systems,Small Box,9
568,Xerox 207,Small Box,5
569,6185,Small Box,13
570,Accessory35,Small Box,13
571,Super Decoflex Portable Personal File,Small Box,11
572,Xerox 197,Small Box,5
573,StarTAC 8000,Small Box,13
574,3M Polarizing Light Filter Sleeves,Small Pack,1
575,Space Solutions™ Industrial Galvanized Steel Shelving.,Large Box,11
576,"Chromcraft 48"" x 96"" Racetrack Double Pedestal Table",Jumbo Box,4
577,Ibico EB-19 Dual Function Manual Binding System,Small Box,9
578,Global Leather Executive Chair,Jumbo Drum,2
579,"AT&T Black Trimline Phone, Model 210",Small Box,14
580,O'Sullivan Living Dimensions 2-Shelf Bookcases,Jumbo Box,3
581,Binder Clips by OIC,Wrap Bag,6
582,Fellowes Superior 10 Outlet Split Surge Protector,Small Box,16
583,Hewlett Packard LaserJet 3310 Copier,Large Box,15
584,Unpadded Memo Slips,Wrap Bag,5
585,Hon Non-Folding Utility Tables,Jumbo Drum,4
586,Newell 339,Wrap Bag,17
587,"Fellowes Strictly Business® Drawer File, Letter/Legal Size",Small Box,11
588,Gyration Ultra Cordless Optical Suite,Small Box,12
589,Electrix 20W Halogen Replacement Bulb for Zoom-In Desk Lamp,Small Pack,1
590,Boston 1799 Powerhouse™ Electric Pencil Sharpener,Small Pack,17
591,"Tennsco Lockers, Gray",Jumbo Drum,11
592,Safco Industrial Wire Shelving,Large Box,11
593,Xerox 23,Small Box,5
594,Global Enterprise Series Seating High-Back Swivel/Tilt Chairs,Jumbo Drum,2
595,Bevis Round Conference Table Top & Single Column Base,Jumbo Box,4
596,Wilson Jones DublLock® D-Ring Binders,Small Box,9
597,T65,Small Box,13
598,"Lesro Sheffield Collection Coffee Table, End Table, Center Table, Corner Table",Large Box,4
599,DAX Cubicle Frames - 8x10,Medium Box,1
600,"Imation Primaris 3.5"" 2HD Unformatted Diskettes, 10/Pack",Small Pack,12
601,"Tyvek ® Top-Opening Peel & Seel Envelopes, Plain White",Small Box,7
602,Peel-Off® China Markers,Wrap Bag,17
603,Xerox 1984,Small Box,5
604,Xerox 1951,Small Box,5
605,Xerox 1905,Small Box,5
606,Advantus Rolling Storage Box,Small Box,11
607,Accessory9,Small Pack,13
608,Boston KS Multi-Size Manual Pencil Sharpener,Small Pack,17
609,"Dixon Ticonderoga® Erasable Colored Pencil Set, 12-Color",Wrap Bag,17
610,Deflect-O® Glasstique™ Clear Desk Accessories,Wrap Bag,1
611,Acme Kleencut® Forged Steel Scissors,Small Pack,8
612,Eureka The Boss® Cordless Rechargeable Stick Vac,Small Box,16
613,Security-Tint Envelopes,Small Box,7
614,6162,Small Box,13
615,Microsoft Natural Keyboard Elite,Small Box,12
616,"SAFCO Commercial Wire Shelving, Black",Large Box,11
617,Kensington 6 Outlet MasterPiece® HOMEOFFICE Power Control Center,Small Box,16
618,Xerox 1938,Small Box,5
619,GBC Plastic Binding Combs,Small Box,9
620,Avery 496,Small Box,10
621,Tripp Lite Isotel 6 Outlet Surge Protector with Fax/Modem Protection,Small Box,16
622,"Imation Neon 80 Minute CD-R Spindle, 50/Pack",Small Pack,12
623,"Eldon® Expressions™ Wood and Plastic Desk Accessories, Oak",Small Box,1
624,"Bush Cubix Collection Bookcases, Fully Assembled",Jumbo Box,3
625,Acco Perma® 2700 Stacking Storage Drawers,Small Box,11
626,"Dixon My First Ticonderoga Pencil, #2",Wrap Bag,17
627,Prang Dustless Chalk Sticks,Wrap Bag,17
628,"Imation 3.5, DISKETTE 44766 HGHLD3.52HD/FM, 10/Pack",Small Pack,12
629,Accessory32,Small Pack,13
630,SouthWestern Bell FA970 Digital Answering Machine with Time/Day Stamp,Medium Box,13
631,Avery 510,Small Box,10
632,Dana Swing-Arm Lamps,Large Box,1
633,KI Conference Tables,Jumbo Box,4
634,Serrated Blade or Curved Handle Hand Letter Openers,Wrap Bag,8
635,"TOPS Money Receipt Book, Consecutively Numbered in Red,",Wrap Bag,5
636,Xerox 1880,Small Box,5
637,Staples Metal Binder Clips,Wrap Bag,6
638,Iris Project Case,Medium Box,11
639,Boston 1645 Deluxe Heavier-Duty Electric Pencil Sharpener,Small Pack,17
640,Honeywell Enviracaire Portable HEPA Air Cleaner for 17' x 22' Room,Large Box,16
641,US Robotics 56K V.92 Internal PCI Faxmodem,Small Box,12
642,Xerox 1941,Small Box,5
643,O'Sullivan Cherrywood Estates Traditional Barrister Bookcase,Jumbo Box,3
644,Gyration Ultra Professional Cordless Optical Suite,Small Box,12
645,Xerox 1932,Small Box,5
646,4009® Highlighters by Sanford,Wrap Bag,17
647,"Quartet Alpha® White Chalk, 12/Pack",Wrap Bag,17
648,Kensington 6 Outlet SmartSocket Surge Protector,Small Box,16
649,Bevis Boat-Shaped Conference Table,Jumbo Box,4
650,"File Shuttle II and Handi-File, Black",Small Box,11
651,Hon 2090 “Pillow Soft” Series Mid Back Swivel/Tilt Chairs,Jumbo Drum,2
652,"Imation 3.5"" DS-HD Macintosh Formatted Diskettes, 10/Pack",Small Pack,12
653,"Wilson Jones Elliptical Ring 3 1/2"" Capacity Binders, 800 sheets",Small Box,9
654,Rogers® Profile Extra Capacity Storage Tub,Small Box,11
655,G.E. Longer-Life Indoor Recessed Floodlight Bulbs,Small Pack,1
656,"Wirebound Four 2-3/4 x 5 Forms per Page, 400 Sets per Book",Wrap Bag,5
657,Xerox 231,Small Box,5
658,Avery 506,Small Box,10
659,Universal Premium White Copier/Laser Paper (20Lb. and 87 Bright),Small Box,5
660,"Premium Writing Pencils, Soft, #2 by Central Association for the Blind",Wrap Bag,17
661,"Eldon Expressions Punched Metal & Wood Desk Accessories, Black & Cherry",Small Box,1
662,Avery 501,Small Box,10
663,"REDIFORM Incoming/Outgoing Call Register, 11"" X 8 1/2"", 100 Messages",Wrap Bag,5
664,Acme® Office Executive Series Stainless Steel Trimmers,Small Pack,8
665,PC Concepts 116 Key Quantum 3000 Keyboard,Small Box,12
666,Wausau Papers Astrobrights® Colored Envelopes,Small Box,7
667,Newell 335,Wrap Bag,17
668,Eldon Cleatmat Plus™ Chair Mats for High Pile Carpets,Medium Box,1
669,StarTAC Analog,Small Box,13
670,"Fellowes Mobile Numeric Keypad, Graphite",Small Box,12
671,"Global Push Button Manager's Chair, Indigo",Jumbo Drum,2
672,BPI Conference Tables,Jumbo Box,4
673,Avery 514,Small Box,10
674,"Maxell Pro 80 Minute CD-R, 10/Pack",Small Pack,12
675,Staples Brown Kraft Recycled Clasp Envelopes,Small Box,7
676,Eldon Executive Woodline II Cherry Finish Desk Accessories,Small Box,1
677,Xerox 1922,Small Box,5
678,Logitech Access Keyboard,Small Box,12
679,Xerox 1929,Small Box,5
680,Lexmark 4227 Plus Dot Matrix Printer,Jumbo Drum,14
681,Catalog Binders with Expanding Posts,Small Box,9
682,"Decoflex Hanging Personal Folder File, Blue",Small Box,11
683,Fellowes Super Stor/Drawer®,Small Box,11
684,Novimex Swivel Fabric Task Chair,Jumbo Drum,2
685,Eldon Portable Mobile Manager,Medium Box,11
686,Accessory27,Small Box,13
687,VTech VT20-2481 2.4GHz Two-Line Phone System w/Answering Machine,Medium Box,13
688,Eldon Expressions Mahogany Wood Desk Collection,Small Box,1
689,Xerox 1954,Small Box,5
690,KF 788,Small Box,13
691,Heavy-Duty E-Z-D® Binders,Small Box,9
692,Jet-Pak Recycled Peel 'N' Seal Padded Mailers,Small Box,7
693,Personal Creations™ Ink Jet Cards and Labels,Small Box,5
694,Targus USB Numeric Keypad,Small Box,12
695,Fellowes PB300 Plastic Comb Binding Machine,Small Box,9
696,Colored Envelopes,Small Box,7
697,"Imation 3.5"" DS/HD IBM Formatted Diskettes, 10/Pack",Small Pack,12
698,LX 677,Small Box,13
699,"Advantus Push Pins, Aluminum Head",Wrap Bag,6
700,X-Rack™ File for Hanging Folders,Small Box,11
701,Peel & Stick Add-On Corner Pockets,Small Box,9
702,Xerox 21,Small Box,5
703,Avery 487,Small Box,10
704,"Quartet Omega® Colored Chalk, 12/Pack",Wrap Bag,17
705,Microsoft Natural Multimedia Keyboard,Small Box,12
706,GBC DocuBind 300 Electric Binding Machine,Small Box,9
707,Portfile® Personal File Boxes,Small Box,11
708,Staples Surge Protector 6 outlet,Small Box,16
709,Avery 482,Small Box,10
710,Hon GuestStacker Chair,Jumbo Drum,2
711,"Trav-L-File Heavy-Duty Shuttle II, Black",Small Box,11
712,"BOSTON® Ranger® #55 Pencil Sharpener, Black",Small Box,17
713,Hewlett-Packard Deskjet 3820 Color Inkjet Printer,Jumbo Drum,14
714,Avery 485,Small Box,10
715,i270,Small Box,13
716,Imation DVD-RAM discs,Small Pack,12
717,Letter Size Cart,Small Box,11
718,GBC DocuBind TL200 Manual Binding Machine,Small Box,9
719,Global Commerce™ Series High-Back Swivel/Tilt Chairs,Jumbo Drum,2
720,"Fellowes Personal Hanging Folder Files, Navy",Small Box,11
721,"Hunt BOSTON® Vista® Battery-Operated Pencil Sharpener, Black",Small Pack,17
722,TI 36X Solar Scientific Calculator,Medium Box,14
723,Eldon Simplefile® Box Office®,Medium Box,11
724,Newell 308,Wrap Bag,17
725,Accessory17,Wrap Bag,13
726,8890,Small Box,13
727,12-1/2 Diameter Round Wall Clock,Small Box,1
728,Regeneration Desk Collection,Small Box,1
729,TimeportP7382,Small Box,13
730,Newell 340,Wrap Bag,17
731,Xerox 1991,Small Box,5
732,T60,Small Box,13
733,TI 30X Scientific Calculator,Medium Box,14
734,"Executive Impressions 13-1/2"" Indoor/Outdoor Wall Clock",Small Pack,1
735,"Executive Impressions 14"" Contract Wall Clock",Small Pack,1
736,"Avery® 3 1/2"" Diskette Storage Pages, 10/Pack",Small Box,9
737,"Bevis Round Bullnose 29"" High Table Top",Jumbo Box,4
738,Ibico EPK-21 Electric Binding System,Small Box,9
739,"Career Cubicle Clock, 8 1/4"", Black",Small Box,1
740,Hammermill Color Copier Paper (28Lb. and 96 Bright),Small Box,5
741,5170i,Small Box,13
742,Revere Boxed Rubber Bands by Revere,Wrap Bag,6
743,Newell 326,Wrap Bag,17
744,Lumber Crayons,Wrap Bag,17
745,"Iris® 3-Drawer Stacking Bin, Black",Small Box,11
746,Storex DuraTech Recycled Plastic Frosted Binders,Small Box,9
747,Ultra Commercial Grade Dual Valve Door Closer,Wrap Bag,1
748,Acco 6 Outlet Guardian Premium Surge Suppressor,Small Box,16
749,Sanford Liquid Accent Highlighters,Wrap Bag,17
750,*Staples* Packaging Labels,Small Box,10
751,Bevis Steel Folding Chairs,Jumbo Drum,2
752,Xerox 1917,Small Box,5
753,Novimex Turbo Task Chair,Jumbo Drum,2
754,HP Office Paper (20Lb. and 87 Bright),Small Box,5
755,Hewlett-Packard Deskjet 1220Cse Color Inkjet Printer,Jumbo Box,14
756,Accessory15,Small Pack,13
757,Hunt Boston® Vacuum Mount KS Pencil Sharpener,Small Box,17
758,Desktop 3-Pocket Hot File®,Small Box,11
759,"Global Leather Highback Executive Chair with Pneumatic Height Adjustment, Black",Jumbo Drum,2
760,"Post-it® “Important Message” Note Pad, Neon Colors, 50 Sheets/Pad",Wrap Bag,5
761,Xerox 216,Small Box,5
762,Eldon Antistatic Chair Mats for Low to Medium Pile Carpets,Large Box,1
763,Fellowes Binding Cases,Small Box,9
764,StarTAC 7760,Small Box,13
765,"Sanford EarthWrite® Recycled Pencils, Medium Soft, #2",Wrap Bag,17
766,Canon PC1080F Personal Copier,Large Box,15
767,Holmes Harmony HEPA Air Purifier for 17 x 20 Room,Medium Box,16
768,XtraLife® ClearVue™ Slant-D® Ring Binders by Cardinal,Small Box,9
769,"Binney & Smith inkTank™ Erasable Pocket Highlighter, Chisel Tip, Yellow",Wrap Bag,17
770,"Deflect-o RollaMat Studded, Beveled Mat for Medium Pile Carpeting",Medium Box,1
771,Hon Rectangular Conference Tables,Jumbo Box,4
772,GBC Standard Plastic Binding Systems' Combs,Small Box,9
773,Wilson Jones Impact Binders,Small Box,9
774,Fellowes Recycled Storage Drawers,Small Box,11
775,"3M Polarizing Task Lamp with Clamp Arm, Light Gray",Large Box,1
776,"Boston Model 1800 Electric Pencil Sharpener, Gray",Small Pack,17
777,Boston 1730 StandUp Electric Pencil Sharpener,Small Pack,17
778,AT&T 2230 Dual Handset Phone With Caller ID/Call Waiting,Small Box,14
779,Balt Solid Wood Rectangular Table,Jumbo Box,4
780,Sanford 52201 APSCO Electric Pencil Sharpener,Small Pack,17
781,Prang Colored Pencils,Wrap Bag,17
782,Economy Rollaway Files,Small Box,11
783,"Deflect-o EconoMat Studded, No Bevel Mat for Low Pile Carpeting",Medium Box,1
784,"#10- 4 1/8"" x 9 1/2"" Recycled Envelopes",Small Box,7
785,"DAX Value U-Channel Document Frames, Easel Back",Medium Box,1
786,6120,Small Box,13
787,"Telephone Message Books with Fax/Mobile Section, 4 1/4"" x 6""",Wrap Bag,5
788,"Tenex Personal Project File with Scoop Front Design, Black",Small Box,11
789,Talkabout T8097,Small Box,13
790,Surelock™ Post Binders,Small Box,9
791,Panasonic KP-310 Heavy-Duty Electric Pencil Sharpener,Small Pack,17
792,Xerox 1892,Small Box,5
793,"Chromcraft Bull-Nose Wood Round Conference Table Top, Wood Base",Jumbo Box,4
794,"Memorex 80 Minute CD-R Spindle, 100/Pack",Small Pack,12
795,Avery Heavy-Duty EZD ™ Binder With Locking Rings,Small Box,9
796,"Wirebound Service Call Books, 5 1/2"" x 4""",Wrap Bag,5
797,"Iceberg OfficeWorks 42"" Round Tables",Jumbo Box,4
798,Zoom V.92 V.44 PCI Internal Controllerless FaxModem,Small Box,12
799,GBC Recycled Grain Textured Covers,Small Box,9
800,Panasonic KP-350BK Electric Pencil Sharpener with Auto Stop,Small Pack,17
801,GBC ProClick™ 150 Presentation Binding System,Small Box,9
802,"Fellowes Smart Surge Ten-Outlet Protector, Platinum",Small Box,16
803,Fellowes Neat Ideas® Storage Cubes,Large Box,11
804,Southworth Structures Collection™,Small Box,5
805,Micro Innovations 104 Keyboard,Small Box,12
806,O'Sullivan 3-Shelf Heavy-Duty Bookcases,Jumbo Box,3
807,Park Ridge™ Embossed Executive Business Envelopes,Small Box,7
808,Deflect-o Glass Clear Studded Chair Mats,Medium Box,1
809,Xerox 1961,Small Box,5
810,Novimex Fabric Task Chair,Jumbo Drum,2
811,"1.7 Cubic Foot Compact ""Cube"" Office Refrigerators",Jumbo Drum,16
812,Newell 336,Wrap Bag,17
813,"Verbatim DVD-R, 3.95GB, SR, Mitsubishi Branded, Jewel",Small Pack,12
814,Wilson Jones Suede Grain Vinyl Binders,Small Box,9
815,Fellowes Officeware™ Wire Shelving,Large Box,11
816,Xerox 19,Small Box,5
817,Newell 342,Wrap Bag,17
818,EcoTones® Memo Sheets,Wrap Bag,5
819,GBC VeloBinder Strips,Small Box,9
820,Xerox 1936,Small Box,5
821,SAFCO Arco Folding Chair,Large Box,2
822,StarTAC 3000,Small Box,13
823,6160,Small Box,13
824,Okidata Pacemark 4410N Wide Format Dot Matrix Printer,Jumbo Box,14
825,Prismacolor Color Pencil Set,Wrap Bag,17
826,"Dixon Prang® Watercolor Pencils, 10-Color Set with Brush",Wrap Bag,17
827,Fuji Slim Jewel Case CD-R,Small Pack,12
828,Belkin 6 Outlet Metallic Surge Strip,Small Box,16
829,Xerox 1952,Small Box,5
830,Wilson Jones® Four-Pocket Poly Binders,Small Box,9
831,Xerox Blank Computer Paper,Small Box,5
832,Storex Dura Pro™ Binders,Small Box,9
833,270c,Small Box,13
834,Global Adaptabilities™ Conference Tables,Jumbo Box,4
835,Tenex Antistatic Computer Chair Mats,Medium Box,1
836,Xerox 1898,Small Box,5
837,"210 Trimline Phone, White",Medium Box,14
838,"Seth Thomas 14"" Putty-Colored Wall Clock",Small Box,1
839,Avery 49,Small Box,10
840,"Imation 3.5 IBM Formatted Diskettes, 10/Box",Small Pack,12
841,"Acco PRESSTEX® Data Binder with Storage Hooks, Dark Blue, 14 7/8"" X 11""",Small Box,9
842,"1/4 Fold Party Design Invitations & White Envelopes, 24 8-1/2"" X 11"" Cards, 25 Env./Pack",Small Box,5
843,KH 688,Small Box,13
844,Chromcraft Rectangular Conference Tables,Jumbo Box,4
845,"Hoover Replacement Belts For Soft Guard™ & Commercial Ltweight Upright Vacs, 2/Pk",Small Box,16
846,Ibico Ibimaster 300 Manual Binding System,Small Box,9
847,Xerox 200,Small Box,5
848,DMI Eclipse Executive Suite Bookcases,Jumbo Box,3
849,"Bush Heritage Pine Collection 5-Shelf Bookcase, Albany Pine Finish, *Special Order",Jumbo Box,3
850,"Bush® Cubix Conference Tables, Fully Assembled",Jumbo Box,4
851,"Staples Pen Style Liquid Stix; Assorted (yellow, pink, green, blue, orange), 5/Pack",Wrap Bag,17
852,"Staples Vinyl Coated Paper Clips, 800/Box",Wrap Bag,6
853,Hewlett-Packard 4.7GB DVD+R Discs,Small Pack,12
854,Belkin 8 Outlet SurgeMaster II Gold Surge Protector,Small Box,16
855,"Verbatim DVD-R, 4.7GB, Spindle, WE, Blank, Ink Jet/Thermal, 20/Spindle",Small Pack,12
856,Brother DCP1000 Digital 3 in 1 Multifunction Machine,Large Box,15
857,Home/Office Personal File Carts,Small Box,11
858,Dixon Ticonderoga Core-Lock Colored Pencils,Wrap Bag,17
859,Space Solutions Commercial Steel Shelving,Large Box,11
860,Boston 16765 Mini Stand Up Battery Pencil Sharpener,Small Pack,17
861,Zebra Zazzle Fluorescent Highlighters,Wrap Bag,17
862,"Dana Fluorescent Magnifying Lamp, White, 36""",Large Box,1
863,"Holmes Cool Mist Humidifier for the Whole House with 8-Gallon Output per Day, Extended Life Filter",Medium Box,16
864,Bagged Rubber Bands,Wrap Bag,6
865,"Eureka Sanitaire ® Multi-Pro Heavy-Duty Upright, Disposable Bags",Small Box,16
866,CF 688,Small Box,13
867,Steel Personal Filing/Posting Tote,Small Box,11
868,"Fellowes Twister Kit, Gray/Clear, 3/pkg",Small Box,9
869,"Adams Telephone Message Books, 5 1/4” x 11”",Wrap Bag,5
870,"Fellowes Smart Design 104-Key Enhanced Keyboard, PS/2 Adapter, Platinum",Small Box,12
871,Wilson Jones Custom Binder Spines & Labels,Small Box,9
872,Xerox 1883,Small Box,5
873,Southworth 25% Cotton Premium Laser Paper and Envelopes,Small Box,5
874,"Angle-D Binders with Locking Rings, Label Holders",Small Box,9
875,Hewlett-Packard Deskjet 5550 Color Inkjet Printer,Jumbo Drum,14
876,Letter Slitter,Wrap Bag,8
877,3390,Small Box,13
878,Avery 507,Small Box,10
879,Acco Smartsocket® Color-Coded Six-Outlet AC Adapter Model Surge Protectors,Small Box,16
880,Eldon Pizzaz™ Desk Accessories,Small Pack,1
881,"Wirebound Message Forms, Four 2 3/4 x 5 Forms per Page, Pink Paper",Wrap Bag,5
882,"Lifetime Advantage™ Folding Chairs, 4/Carton",Large Box,2
883,600 Series Flip,Small Box,13
884,"Master Caster Door Stop, Brown",Wrap Bag,1
885,Belkin ErgoBoard™ Keyboard,Small Box,12
886,36X48 HARDFLOOR CHAIRMAT,Medium Box,1
887,Sanford Pocket Accent® Highlighters,Wrap Bag,17
888,Xerox 1950,Small Box,5
889,"Multi-Use Personal File Cart and Caster Set, Three Stacking Bins",Small Box,11
890,"Acco PRESSTEX® Data Binder with Storage Hooks, Dark Blue, 9 1/2"" X 11""",Small Box,9
891,Office Star Flex Back Scooter Chair with Aluminum Finish Frame,Jumbo Drum,2
892,Eldon Shelf Savers™ Cubes and Bins,Small Box,11
893,TDK 4.7GB DVD-R,Small Pack,12
894,"DAX Copper Panel Document Frame, 5 x 7 Size",Small Box,1
895,"Avery Trapezoid Extra Heavy Duty 4"" Binders",Small Box,9
896,Eldon Radial Chair Mat for Low to Medium Pile Carpets,Wrap Bag,1
897,Model L Table or Wall-Mount Pencil Sharpener,Small Box,17
898,"Hon Metal Bookcases, Black",Jumbo Box,3
899,"Hewlett-Packard Business Color Inkjet 3000 [N, DTN] Series Printers",Jumbo Drum,14
900,Xerox 217,Small Box,5
901,Bionaire 99.97% HEPA Air Cleaner,Medium Box,16
902,"Hewlett-Packard cp1700 [D, PS] Series Color Inkjet Printers",Jumbo Drum,14
903,Xerox 1930,Small Box,5
904,Sharp AL-1530CS Digital Copier,Large Box,15
905,Hon 4070 Series Pagoda™ Round Back Stacking Chairs,Jumbo Drum,2
906,Bevis Rectangular Conference Tables,Jumbo Box,4
907,"Fiskars 8"" Scissors, 2/Pack",Small Pack,8
908,Canon PC940 Copier,Large Box,15
909,DIXON Ticonderoga® Erasable Checking Pencils,Wrap Bag,17
910,i1000plus,Small Box,13
911,2190,Small Box,13
912,"Tenex 46"" x 60"" Computer Anti-Static Chairmat, Rectangular Shaped",Medium Box,1
