RowID,id_order,status_o
1,45539,Returned
2,88548,Returned
3,91416,Returned
4,88824,Returned
5,91122,Returned
6,53953,Returned
7,38852,Returned
8,14115,Returned
9,86545,Returned
10,11712,Returned
11,89202,Returned
12,90934,Returned
13,86268,Returned
14,88974,Returned
15,88646,Returned
16,86886,Returned
17,59937,Returned
18,53153,Returned
19,88372,Returned
20,88825,Returned
21,90502,Returned
22,88958,Returned
23,359,Returned
24,86092,Returned
25,86189,Returned
26,86279,Returned
27,88387,Returned
28,86466,Returned
29,34017,Returned
30,91492,Returned
31,87077,Returned
32,86181,Returned
33,87554,Returned
34,24294,Returned
35,91130,Returned
36,87619,Returned
37,89777,Returned
38,89095,Returned
39,21958,Returned
40,89096,Returned
41,91286,Returned
42,90859,Returned
43,87316,Returned
44,86815,Returned
45,90120,Returned
46,87031,Returned
47,85835,Returned
48,89059,Returned
49,88727,Returned
50,28647,Returned
51,42599,Returned
52,87824,Returned
53,35200,Returned
54,86051,Returned
55,87005,Returned
56,88571,Returned
57,28225,Returned
58,87079,Returned
59,89426,Returned
60,87900,Returned
61,89211,Returned
62,86369,Returned
63,87579,Returned
64,3332,Returned
65,17636,Returned
66,91488,Returned
67,23751,Returned
68,86687,Returned
69,89140,Returned
70,89849,Returned
71,90145,Returned
72,89961,Returned
73,86655,Returned
74,86250,Returned
75,19042,Returned
76,88267,Returned
77,89941,Returned
78,86052,Returned
79,87285,Returned
80,90662,Returned
81,89440,Returned
82,87772,Returned
83,91316,Returned
84,88857,Returned
85,88612,Returned
86,89258,Returned
87,89686,Returned
88,89848,Returned
89,86949,Returned
90,50656,Returned
91,86796,Returned
92,87374,Returned
93,87296,Returned
94,91438,Returned
95,87954,Returned
96,13959,Returned
97,90685,Returned
98,87195,Returned
99,86795,Returned
100,87161,Returned
101,91263,Returned
102,88198,Returned
103,86145,Returned
104,86899,Returned
105,89176,Returned
106,90301,Returned
107,87298,Returned
108,91496,Returned
109,90185,Returned
110,86010,Returned
111,91437,Returned
112,87110,Returned
113,87365,Returned
114,27456,Returned
115,89166,Returned
116,34882,Returned
117,40997,Returned
118,90031,Returned
119,90461,Returned
120,88371,Returned
121,86528,Returned
122,7623,Returned
123,91388,Returned
124,88444,Returned
125,87425,Returned
126,89054,Returned
127,86754,Returned
128,90314,Returned
129,90473,Returned
130,11206,Returned
131,36452,Returned
132,87934,Returned
133,88881,Returned
134,90675,Returned
135,90405,Returned
136,91030,Returned
137,85858,Returned
138,90002,Returned
139,87813,Returned
140,87633,Returned
141,87630,Returned
142,91415,Returned
143,91363,Returned
144,88240,Returned
145,89284,Returned
146,86041,Returned
147,88783,Returned
148,86567,Returned
149,90630,Returned
150,87087,Returned
151,91036,Returned
152,90362,Returned
153,86546,Returned
154,90589,Returned
155,87933,Returned
156,86267,Returned
157,90361,Returned
158,89389,Returned
159,89836,Returned
160,87194,Returned
161,87915,Returned
162,88448,Returned
163,38087,Returned
164,88173,Returned
165,90239,Returned
166,89981,Returned
167,87846,Returned
168,88941,Returned
169,91261,Returned
170,89083,Returned
171,86384,Returned
172,86591,Returned
173,86310,Returned
174,90043,Returned
175,86427,Returned
176,89025,Returned
177,88268,Returned
178,89147,Returned
179,90121,Returned
180,89433,Returned
181,88425,Returned
182,9285,Returned
183,91209,Returned
184,87888,Returned
185,40224,Returned
186,88794,Returned
187,91277,Returned
188,86957,Returned
189,90750,Returned
190,90985,Returned
191,89434,Returned
192,90449,Returned
193,87187,Returned
194,87536,Returned
195,88657,Returned
196,90059,Returned
197,86382,Returned
198,88004,Returned
199,88060,Returned
200,87530,Returned
201,90337,Returned
202,91297,Returned
203,88971,Returned
204,85833,Returned
205,87272,Returned
206,88729,Returned
207,87965,Returned
208,90854,Returned
209,90952,Returned
210,90011,Returned
211,86611,Returned
212,87634,Returned
213,89869,Returned
214,87940,Returned
215,86432,Returned
216,29319,Returned
217,88544,Returned
218,87765,Returned
219,90271,Returned
220,87908,Returned
221,87396,Returned
222,87042,Returned
223,89730,Returned
224,87889,Returned
225,88836,Returned
226,86258,Returned
227,88726,Returned
228,88685,Returned
229,88870,Returned
230,21636,Returned
231,13606,Returned
232,88136,Returned
233,89240,Returned
234,9606,Returned
235,90525,Returned
236,86411,Returned
237,90378,Returned
238,89879,Returned
239,88278,Returned
240,86887,Returned
241,88101,Returned
242,41793,Returned
243,86868,Returned
244,87043,Returned
245,91244,Returned
246,14596,Returned
247,86556,Returned
248,91167,Returned
249,90354,Returned
250,88298,Returned
251,90069,Returned
252,89787,Returned
253,86791,Returned
254,89008,Returned
255,88411,Returned
256,87678,Returned
257,87286,Returned
258,90814,Returned
259,89819,Returned
260,91432,Returned
261,39430,Returned
262,90338,Returned
263,86885,Returned
264,89726,Returned
265,88418,Returned
266,91584,Returned
267,89093,Returned
268,88890,Returned
269,87953,Returned
270,89018,Returned
271,91481,Returned
272,86753,Returned
273,87452,Returned
274,89129,Returned
275,91583,Returned
276,86077,Returned
277,86574,Returned
278,14785,Returned
279,89810,Returned
280,90040,Returned
281,89994,Returned
282,91398,Returned
283,90815,Returned
284,89375,Returned
285,89775,Returned
286,86565,Returned
287,87357,Returned
288,88554,Returned
289,90492,Returned
290,90160,Returned
291,89148,Returned
292,86813,Returned
293,86544,Returned
294,86422,Returned
295,90538,Returned
296,90104,Returned
297,90264,Returned
298,86951,Returned
299,90532,Returned
300,87909,Returned
