RowID|Product Name
1|Howard Miller 12-3/4 Diameter Accuwave DS ™ Wall Clock
2|Newell 321
3|Newell 351
4|OIC Colored Binder Clips, Assorted Sizes
5|Xerox 193
6|Snap-A-Way® Black Print Carbonless Speed Message, No Reply Area, Duplicate
7|Office Star - Mid Back Dual function Ergonomic High Back Chair with 2-Way Adjustable Arms
8|Belkin 107-key enhanced keyboard, USB/PS/2 interface
9|5185
10|Eldon Regeneration Recycled Desk Accessories, Smoke
11|"#10-4 1/8"" x 9 1/2"" Premium Diagonal Seam Envelopes"
12|Tenex B1-RE Series Chair Mats for Low Pile Carpets
13|Global Ergonomic Managers Chair
14|Riverleaf Stik-Withit® Designer Note Cubes®
15|Newell 323
16|Avery Arch Ring Binders
17|APC 7 Outlet Network SurgeArrest Surge Protector
18|Durable Pressboard Binders
19|Fellowes 17-key keypad for PS/2 interface
20|StarTAC ST7762
21|Fellowes Super Stor/Drawer® Files
22|Xerox 1933
23|"Imation 3.5"" Unformatted DS/HD Diskettes, 10/Box"
24|Fellowes Black Plastic Comb Bindings
25|Eldon Expressions™ Desk Accessory, Wood Pencil Holder, Oak
26|Sanyo 2.5 Cubic Foot Mid-Size Office Refrigerators
27|Lock-Up Easel 'Spel-Binder'
28|Memorex 4.7GB DVD+R, 3/Pack
29|Eldon Spacemaker® Box, Quick-Snap Lid, Clear
30|DIXON Oriole® Pencils
31|StarTAC Series
32|Keytronic 105-Key Spanish Keyboard
33|Xerox 214
34|Tennsco Commercial Shelving
35|ACCOHIDE® Binder by Acco
36|O'Sullivan Elevations Bookcase, Cherry Finish
37|Memorex 4.7GB DVD+RW, 3/Pack
38|MicroTAC 650
39|High Speed Automatic Electric Letter Opener
40|Bell Sonecor JB700 Caller ID
41|O'Sullivan Living Dimensions 3-Shelf Bookcases
42|Xerox 1971
43|Accessory4
44|3M Office Air Cleaner
45|Deluxe Rollaway Locking File with Drawer
46|GBC Instant Index™ System for Binding Systems
47|Xerox 4200 Series MultiUse Premium Copy Paper (20Lb. and 84 Bright)
48|T18
49|Fellowes EZ Multi-Media Keyboard
50|Telescoping Adjustable Floor Lamp
51|Binding Machine Supplies
52|Master Giant Foot® Doorstop, Safety Yellow
53|14-7/8 x 11 Blue Bar Computer Printout Paper
54|Newell 333
55|Office Star - Contemporary Task Swivel chair with 2-way adjustable arms, Plum
56|2160i
57|Staples 6 Outlet Surge
58|Cardinal Poly Pocket Divider Pockets for Ring Binders
59|Canon PC1060 Personal Laser Copier
60|Nu-Dell Executive Frame
61|GBC Recycled Regency Composition Covers
62|Accessory29
63|Soundgear Copyboard Conference Phone, Optional Battery
64|BoxOffice By Design Rectangular and Half-Moon Meeting Room Tables
65|Sharp 1540cs Digital Laser Copier
66|2160
67|White GlueTop Scratch Pads
68|"ACCOHIDE® 3-Ring Binder, Blue, 1"""
69|Avery 4027 File Folder Labels for Dot Matrix Printers, 5000 Labels per Box, White
70|9-3/4 Diameter Round Wall Clock
71|80 Minute CD-R Spindle, 100/Pack - Staples
72|3M Hangers With Command Adhesive
73|Adams Telephone Message Book w/Frequently-Called Numbers Space, 400 Messages per Book
74|Bretford “Just In Time” Height-Adjustable Multi-Task Work Tables
75|Xerox 1976
76|Coloredge Poster Frame
77|Eldon® Wave Desk Accessories
78|Sauder Facets Collection Locker/File Cabinet, Sky Alder Finish
79|"Howard Miller 13-3/4"" Diameter Brushed Chrome Round Wall Clock"
80|"Executive Impressions 13"" Chairman Wall Clock"
81|Staples Bulldog Clip
82|"Executive Impressions 14"" Two-Color Numerals Wall Clock"
83|Newell® 3-Hole Punched Plastic Slotted Magazine Holders for Binders
84|Avery 498
85|Xerox 1891
86|Sanford Colorific Colored Pencils, 12/Box
87|R380
88|"Executive Impressions 12"" Wall Clock"
89|Tennsco Snap-Together Open Shelving Units, Starter Sets and Add-On Units
90|Avery® Durable Slant Ring Binders With Label Holder
91|BASF Silver 74 Minute CD-R
92|Imation Neon Mac Format Diskettes, 10/Pack
93|Deflect-o EconoMat Nonstudded, No Bevel Mat
94|Keytronic Designer 104- Key Black Keyboard
95|2180
96|Holmes Replacement Filter for HEPA Air Cleaner, Large Room
97|Eldon Expressions Punched Metal & Wood Desk Accessories, Pewter & Cherry
98|Prang Drawing Pencil Set
99|Array® Parchment Paper, Assorted Colors
100|Accessory39
101|Memorex 4.7GB DVD-RAM, 3/Pack
102|Xerox 1993
103|Avery Printable Repositionable Plastic Tabs
104|Holmes Odor Grabber
105|Adams Phone Message Book, Professional, 400 Message Capacity, 5 3/6” x 11”
106|Xerox 1985
107|Deflect-o SuperTray™ Unbreakable Stackable Tray, Letter, Black
108|"Carina 42""Hx23 3/4""W Media Storage Unit"
109|Xerox 224
110|SAFCO PlanMaster Heigh-Adjustable Drafting Table Base, 43w x 30d x 30-37h, Black
111|Global Stack Chair without Arms, Black
112|Metal Folding Chairs, Beige, 4/Carton
113|232
114|Document Clip Frames
115|Newell 337
116|DS/HD IBM Formatted Diskettes, 200/Pack - Staples
117|Office Star - Professional Matrix Back Chair with 2-to-1 Synchro Tilt and Mesh Fabric Seat
118|"Avery Trapezoid Ring Binder, 3"" Capacity, Black, 1040 sheets"
119|Epson DFX5000+ Dot Matrix Printer
120|Xerox 1910
121|Newell 320
122|Self-Adhesive Address Labels for Typewriters by Universal
123|Turquoise Lead Holder with Pocket Clip
124|Panasonic KX-P1150 Dot Matrix Printer
125|Newell 343
126|"Staples Wirebound Steno Books, 6"" x 9"", 12/Pack"
127|Xerox 1893
128|Panasonic KX-P3626 Dot Matrix Printer
129|Ampad #10 Peel & Seel® Holiday Envelopes
130|"GBC Pre-Punched Binding Paper, Plastic, White, 8-1/2"" x 11"""
131|Xerox 1982
132|Boston 16701 Slimline Battery Pencil Sharpener
133|"Executive Impressions 13"" Clairmont Wall Clock"
134|"Acme Hot Forged Carbon Steel Scissors with Nickel-Plated Handles, 3 7/8"" Cut, 8""L"
135|Accessory36
136|Sanyo Counter Height Refrigerator with Crisper, 3.6 Cubic Foot, Stainless Steel/Black
137|"Telephone Message Books with Fax/Mobile Section, 5 1/2"" x 3 3/16"""
138|Acme® Forged Steel Scissors with Black Enamel Handles
139|Hon Olson Stacker Stools
140|GBC Wire Binding Strips
141|Talkabout T8367
142|Westinghouse Clip-On Gooseneck Lamps
143|Eureka Disposable Bags for Sanitaire® Vibra Groomer I® Upright Vac
144|Plymouth Boxed Rubber Bands by Plymouth
145|Important Message Pads, 50 4-1/4 x 5-1/2 Forms per Pad
146|"#10- 4 1/8"" x 9 1/2"" Security-Tint Envelopes"
147|C-Line Peel & Stick Add-On Filing Pockets, 8-3/4 x 5-1/8, 10/Pack
148|Canon Imageclass D680 Copier / Fax
149|Logitech Internet Navigator Keyboard
150|Xerox 1897
151|Epson LQ-570e Dot Matrix Printer
152|Hoover WindTunnel™ Plus Canister Vacuum
153|Xerox 1939
154|Avery 497
155|"Pressboard Covers with Storage Hooks, 9 1/2"" x 11"", Light Blue"
156|Canon imageCLASS 2200 Advanced Copier
157|Verbatim DVD-RAM, 5.2GB, Rewritable, Type 1, DS
158|Southworth 25% Cotton Antique Laid Paper & Envelopes
159|Newell 312
160|"Imation 3.5"", DISKETTE 44766 HGHLD3.52HD/FM, 10/Pack"
161|GBC VeloBinder Electric Binding Machine
162|Adesso Programmable 142-Key Keyboard
163|US Robotics 56K V.92 External Faxmodem
164|i470
165|SAFCO Folding Chair Trolley
166|Eldon® Expressions™ Wood Desk Accessories, Oak
167|Polycom VoiceStation 100
168|Phone 918
169|Avery Flip-Chart Easel Binder, Black
170|G.E. Halogen Desk Lamp Bulbs
171|Avery Binder Labels
172|Hon Every-Day® Chair Series Swivel Task Chairs
173|"IBM Multi-Purpose Copy Paper, 8 1/2 x 11"", Case"
174|Bionaire Personal Warm Mist Humidifier/Vaporizer
175|Sauder Forest Hills Library, Woodland Oak Finish
176|Bush Advantage Collection® Round Conference Table
177|Economy Binders
178|Carina Double Wide Media Storage Towers in Natural & Black
179|Advantus Map Pennant Flags and Round Head Tacks
180|Xerox 1928
181|"Wilson Jones Ledger-Size, Piano-Hinge Binder, 2"", Blue"
182|Okidata ML390 Turbo Dot Matrix Printers
183|Safco Contoured Stacking Chairs
184|Canon PC-428 Personal Copier
185|Canon MP41DH Printing Calculator
186|Fellowes High-Stak® Drawer Files
187|Accessory24
188|Avery 491
189|Avery White Multi-Purpose Labels
190|Timeport L7089
191|Epson C62 Color Inkjet Printer
192|Nu-Dell Leatherette Frames
193|Xerox 1894
194|Accessory20
195|Keytronic French Keyboard
196|Presstex Flexible Ring Binders
197|"Staples #10 Laser & Inkjet Envelopes, 4 1/8"" x 9 1/2"", 100/Box"
198|*Staples* Highlighting Markers
199|Bevis 36 x 72 Conference Tables
200|i2000
201|"Manila Recycled Extra-Heavyweight Clasp Envelopes, 6"" x 9"""
202|Global Leather and Oak Executive Chair, Black
203|Tennsco Lockers, Sand
204|Kensington 7 Outlet MasterPiece Power Center
205|"Howard Miller 13"" Diameter Goldtone Round Wall Clock"
206|GBC Binding covers
207|5180
208|"Recycled Desk Saver Line ""While You Were Out"" Book, 5 1/2"" X 4"""
209|Fellowes Staxonsteel® Drawer Files
210|Ibico Covers for Plastic or Wire Binding Elements
211|Hanging Personal Folder File
212|Tennsco Double-Tier Lockers
213|Epson C82 Color Inkjet Printer
214|Avery Legal 4-Ring Binder
215|Global High-Back Leather Tilter, Burgundy
216|"Maxell 3.5"" DS/HD IBM-Formatted Diskettes, 10/Pack"
217|Canon Image Class D660 Copier
218|Staples 1 Part Blank Computer Paper
219|Advantus Panel Wall Certificate Holder - 8.5x11
220|Avery Durable Poly Binders
221|Martin-Yale Premier Letter Opener
222|GBC Prepunched Paper, 19-Hole, for Binding Systems, 24-lb
223|Recycled Eldon Regeneration Jumbo File
224|"Tenex Contemporary Contur Chairmats for Low and Medium Pile Carpet, Computer, 39"" x 49"""
225|"Acme® 8"" Straight Scissors"
226|Eldon® 200 Class™ Desk Accessories
227|Staples Copy Paper (20Lb. and 84 Bright)
228|Tennsco Industrial Shelving
229|"Acme Design Line 8"" Stainless Steel Bent Scissors w/Champagne Handles, 3-1/8"" Cut"
230|Accessory28
231|Avery 05222 Permanent Self-Adhesive File Folder Labels for Typewriters, on Rolls, White, 250/Roll
232|"Tenex Traditional Chairmats for Medium Pile Carpet, Standard Lip, 36"" x 48"""
233|Avery Binding System Hidden Tab™ Executive Style Index Sets
234|Euro Pro Shark Stick Mini Vacuum
235|Xerox 1978
236|Wirebound Message Book, 4 per Page
237|Sharp EL500L Fraction Calculator
238|Riverside Palais Royal Lawyers Bookcase, Royale Cherry Finish
239|Staples Battery-Operated Desktop Pencil Sharpener
240|Canon P1-DHIII Palm Printing Calculator
241|Xerox 1896
242|Gould Plastics 9-Pocket Panel Bin, 18-3/8w x 5-1/4d x 20-1/2h, Black
243|"Wirebound Message Books, Four 2 3/4"" x 5"" Forms per Page, 600 Sets per Book"
244|Newell 315
245|Bush Westfield Collection Bookcases, Dark Cherry Finish, Fully Assembled
246|Accessory34
247|Xerox 1983
248|"Wilson Jones Hanging View Binder, White, 1"""
249|Fellowes Basic 104-Key Keyboard, Platinum
250|Ibico Recycled Linen-Style Covers
251|Self-Adhesive Ring Binder Labels
252|Tenex File Box, Personal Filing Tote with Lid, Black
253|Quality Park Security Envelopes
254|Office Star - Ergonomic Mid Back Chair with 2-Way Adjustable Arms
255|Belkin F9M820V08 8 Outlet Surge
256|Bravo II™ Megaboss® 12-Amp Hard Body Upright, Replacement Belts, 2 Belts per Pack
257|"Rubbermaid ClusterMat Chairmats, Mat Size- 66"" x 60"", Lip 20"" x 11"" -90 Degree Angle"
258|Micro Innovations Media Access Pro Keyboard
259|Xerox 1937
260|Xerox 1986
261|Honeywell Quietcare HEPA Air Cleaner
262|Kensington 6 Outlet Guardian Standard Surge Protector
263|#10 White Business Envelopes,4 1/8 x 9 1/2
264|Hon Metal Bookcases, Putty
265|Newell 309
266|Eldon Jumbo ProFile™ Portable File Boxes Graphite/Black
267|Avery 493
268|Xerox 220
269|Canon BP1200DH 12-Digit Bubble Jet Printing Calculator
270|688
271|Xerox 1908
272|Xerox 199
273|Bretford Rectangular Conference Table Tops
274|Bush Advantage Collection® Racetrack Conference Table
275|T28 WORLD
276|Atlantic Metals Mobile 2-Shelf Bookcases, Custom Colors
277|Accessory41
278|Imation 5.2GB DVD-RAM
279|Avery 481
280|i500plus
281|"Speediset Carbonless Redi-Letter® 7"" x 8 1/2"""
282|Atlantic Metals Mobile 3-Shelf Bookcases, Custom Colors
283|Ultra Door Pull Handle
284|Xerox 1920
285|Hon 4070 Series Pagoda™ Armless Upholstered Stacking Chairs
286|Okidata ML320 Series Turbo Dot Matrix Printers
287|Xerox 1994
288|Hon Pagoda™ Stacking Chairs
289|StarTAC 6500
290|Xerox 1974
291|Bush Mission Pointe Library
292|Fellowes Internet Keyboard, Platinum
293|Epson DFX-8500 Dot Matrix Printer
294|Hon Deluxe Fabric Upholstered Stacking Chairs, Rounded Back
295|Binder Posts
296|Eldon Cleatmat® Chair Mats for Medium Pile Carpets
297|Advantus Employee of the Month Certificate Frame, 11 x 13-1/2
298|Panasonic KX-P3200 Dot Matrix Printer
299|Hon 94000 Series Round Tables
300|Xerox 1979
301|Brown Kraft Recycled Envelopes
302|Stanley Bostitch Contemporary Electric Pencil Sharpeners
303|282
304|Tensor Computer Mounted Lamp
305|Avery 51
306|Rediform S.O.S. Phone Message Books
307|3285
308|Kensington 7 Outlet MasterPiece Power Center with Fax/Phone Line Protection
309|"Acco Four Pocket Poly Ring Binder with Label Holder, Smoke, 1"""
310|Xerox 213
311|Holmes Replacement Filter for HEPA Air Cleaner, Medium Room
312|Acme Galleria® Hot Forged Steel Scissors with Colored Handles
313|Belkin 325VA UPS Surge Protector, 6'
314|Westinghouse Floor Lamp with Metal Mesh Shade, Black
315|V70
316|Xerox 1903
317|Harmony HEPA Quiet Air Purifiers
318|Holmes HEPA Air Purifier
319|Logitech Cordless Navigator Duo
320|Tyvek® Side-Opening Peel & Seel® Expanding Envelopes
321|Newell 318
322|Rubber Band Ball
323|Peel & Seel® Recycled Catalog Envelopes, Brown
324|Newell 310
325|GBC Therma-A-Bind 250T Electric Binding System
326|Avery Hi-Liter® Fluorescent Desk Style Markers
327|Holmes Replacement Filter for HEPA Air Cleaner, Very Large Room, HEPA Filter
328|"Rediform Wirebound ""Phone Memo"" Message Book, 11 x 5-3/4"
329|Global Airflow Leather Mesh Back Chair, Black
330|Logitech Cordless Elite Duo
331|Hoover Portapower™ Portable Vacuum
332|White Dual Perf Computer Printout Paper, 2700 Sheets, 1 Part, Heavyweight, 20 lbs., 14 7/8 x 11
333|Avery Premier Heavy-Duty Binder with Round Locking Rings
334|SANFORD Major Accent™ Highlighters
335|7160
336|Dual Level, Single-Width Filing Carts
337|3M Organizer Strips
338|GBC Standard Plastic Binding Systems Combs
339|Lexmark Z54se Color Inkjet Printer
340|Newell 31
341|"GBC Twin Loop™ Wire Binding Elements, 9/16"" Spine, Black"
342|Xerox 227
343|Nu-Form 106-Key Ergonomic Keyboard w/ Touchpad
344|Xerox 1989
345|Hon 4700 Series Mobuis™ Mid-Back Task Chairs with Adjustable Arms
346|GBC Standard Therm-A-Bind Covers
347|Staples Premium Bright 1-Part Blank Computer Paper
348|5165
349|GBC ProClick Spines for 32-Hole Punch
350|12 Colored Short Pencils
351|"Mead 1st Gear 2"" Zipper Binder, Asst. Colors"
352|Avery 508
353|Okidata ML520 Series Dot Matrix Printers
354|TOPS Voice Message Log Book, Flash Format
355|Avery 48
356|Xerox 20
357|Boston School Pro Electric Pencil Sharpener, 1670
358|Electrix Halogen Magnifier Lamp
359|Luxo Professional Fluorescent Magnifier Lamp with Clamp-Mount Base
360|i1000
361|Hand-Finished Solid Wood Document Frame
362|"Executive Impressions 8-1/2"" Career Panel/Partition Cubicle Clock"
363|Xerox 1962
364|Staples Vinyl Coated Paper Clips
365|Avery 492
366|Bretford CR4500 Series Slim Rectangular Table
367|Memo Book, 100 Message Capacity, 5 3/8” x 11”
368|Polycom ViaVideo™ Desktop Video Communications Unit
369|Newell 346
370|Avery 479
371|Wirebound Voice Message Log Book
372|Barrel Sharpener
373|A1228
374|Premier Elliptical Ring Binder, Black
375|Sony MFD2HD Formatted Diskettes, 10/Pack
376|Boston 16801 Nautilus™ Battery Pencil Sharpener
377|Canon MP25DIII Desktop Whisper-Quiet Printing Calculator
378|Lexmark Z25 Color Inkjet Printer
379|1726 Digital Answering Machine
380|Aluminum Document Frame
381|Fellowes Bases and Tops For Staxonsteel®/High-Stak® Systems
382|Ibico Hi-Tech Manual Binding System
383|V 3600 Series
384|Hon 2111 Invitation™ Series Corner Table
385|Xerox 1973
386|Hewlett-Packard Deskjet 940 REFURBISHED Color Inkjet Printer
387|Xerox 1997
388|Xerox 194
389|Epson LQ-870 Dot Matrix Printer
390|Global Leather Task Chair, Black
391|Snap-A-Way® Black Print Carbonless Ruled Speed Letter, Triplicate
392|Accessory21
393|Microsoft Multimedia Keyboard
394|Accessory31
395|Newell 338
396|Wilson Jones 14 Line Acrylic Coated Pressboard Data Binders
397|Avery Hi-Liter® Smear-Safe Highlighters
398|Bush Westfield Collection Bookcases, Fully Assembled
399|Xerox 196
400|Tripp Lite Isotel 8 Ultra 8 Outlet Metal Surge
401|Fiskars® Softgrip Scissors
402|Xerox 1881
403|Hammermill CopyPlus Copy Paper (20Lb. and 84 Bright)
404|"Tensor ""Hersey Kiss"" Styled Floor Lamp"
405|Xerox 1906
406|Hot File® 7-Pocket, Floor Stand
407|*Staples* vLetter Openers, 2/Pack
408|GBC White Gloss Covers, Plain Front
409|Xerox 1995
410|Artistic Insta-Plaque
411|Newell 307
412|Eureka Hand Vacuum, Bagless
413|V3682
414|Canon S750 Color Inkjet Printer
415|Acco Smartsocket™ Table Surge Protector, 6 Color-Coded Adapter Outlets
416|Assorted Color Push Pins
417|Imation 3.5 IBM Diskettes, 10/Box
418|GE 4 Foot Flourescent Tube, 40 Watt
419|300 Series Non-Flip
420|Decoflex Hanging Personal Folder File
421|"""While you Were Out"" Message Book, One Form per Page"
422|Tyvek ® Top-Opening Peel & Seel ® Envelopes, Gray
423|Hewlett-Packard Deskjet 6122 Color Inkjet Printer
424|Accessory37
425|Large Capacity Hanging Post Binders
426|"Imation 3.5"" DS/HD IBM Formatted Diskettes, 50/Pack"
427|"Acco Pressboard Covers with Storage Hooks, 14 7/8"" x 11"", Light Blue"
428|Xerox 1916
429|Deflect-o DuraMat Antistatic Studded Beveled Mat for Medium Pile Carpeting
430|Hon Comfortask® Task/Swivel Chairs
431|Xerox 204
432|"Black Print Carbonless Snap-Off® Rapid Letter, 8 1/2"" x 7"""
433|Staples Plastic Wall Frames
434|Cardinal Holdit Business Card Pockets
435|Fellowes PB500 Electric Punch Plastic Comb Binding Machine with Manual Bind
436|Crate-A-Files™
437|Staples SlimLine Pencil Sharpener
438|DAX Two-Tone Rosewood/Black Document Frame, Desktop, 5 x 7
439|Grip Seal Envelopes
440|Staples Gold Paper Clips
441|StarTAC 7797
442|DAX Natural Wood-Tone Poster Frame
443|Advantus Plastic Paper Clips
444|Hewlett Packard 6S Scientific Calculator
445|Hon Valutask™ Swivel Chairs
446|"6"" Cubicle Wall Clock, Black"
447|GBC DocuBind TL300 Electric Binding System
448|Belkin 105-Key Black Keyboard
449|Atlantic Metals Mobile 5-Shelf Bookcases, Custom Colors
450|Avery Durable Binders
451|Xerox 1964
452|"Wirebound Message Books, 2 7/8"" x 5"", 3 Forms per Page"
453|Laminate Occasional Tables
454|Staples® General Use 3-Ring Binders
455|Zoom V.92 USB External Faxmodem
456|Super Bands, 12/Pack
457|"Seth Thomas 8 1/2"" Cubicle Clock"
458|252
459|Kleencut® Forged Office Shears by Acme United Corporation
460|Acme® Elite Stainless Steel Scissors
461|Hon iLevel™ Computer Training Table
462|Recycled Premium Regency Composition Covers
463|Brites Rubber Bands, 1 1/2 oz. Box
464|80 Minute Slim Jewel Case CD-R , 10/Pack - Staples
465|Acco Keyboard-In-A-Box®
466|Hoover Commercial Soft Guard Upright Vacuum And Disposable Filtration Bags
467|Anderson Hickey Conga Table Tops & Accessories
468|Avery Hi-Liter GlideStik Fluorescent Highlighter, Yellow Ink
469|"GE 48"" Fluorescent Tube, Cool White Energy Saver, 34 Watts, 30/Box"
470|M70
471|"Pressboard Data Binder, Crimson, 12"" X 8 1/2"""
472|8860
473|Filing/Storage Totes and Swivel Casters
474|"Howard Miller 16"" Diameter Gallery Wall Clock"
475|Polycom Soundstation EX Audio-Conferencing Telephone, Black
476|Tenex Personal Self-Stacking Standard File Box, Black/Gray
477|Eldon Image Series Black Desk Accessories
478|Xerox 188
479|Motorola SB4200 Cable Modem
480|Accessory25
481|Okidata ML395C Color Dot Matrix Printer
482|Southworth 25% Cotton Linen-Finish Paper & Envelopes
483|DAX Wood Document Frame.
484|Multimedia Mailers
485|Accessory6
486|Xerox 210
487|Adams Phone Message Book, 200 Message Capacity, 8 1/16” x 11”
488|Xerox 212
489|Smead Adjustable Mobile File Trolley with Lockable Top
490|Computer Printout Paper with Letter-Trim Perforations
491|Hewlett-Packard 2600DN Business Color Inkjet Printer
492|DAX Clear Channel Poster Frame
493|SANFORD Liquid Accent™ Tank-Style Highlighters
494|SC7868i
495|Tennsco Regal Shelving Units
496|Belkin MediaBoard 104- Keyboard
497|Sharp EL501VB Scientific Calculator, Battery Operated, 10-Digit Display, Hard Case
498|2300 Heavy-Duty Transfer File Systems by Perma
499|OIC Thumb-Tacks
500|Lexmark Z55se Color Inkjet Printer
501|Round Specialty Laser Printer Labels
502|Array® Memo Cubes
503|Avery Hanging File Binders
504|Advantus 10-Drawer Portable Organizer, Chrome Metal Frame, Smoke Drawers
505|Advantus Push Pins
506|"Rush Hierlooms Collection 1"" Thick Stackable Bookcases"
507|Eldon ClusterMat Chair Mat with Cordless Antistatic Protection
508|Hoover Replacement Belt for Commercial Guardsman Heavy-Duty Upright Vacuum
509|Companion Letter/Legal File, Black
510|Bretford CR8500 Series Meeting Room Furniture
511|Fellowes Command Center 5-outlet power strip
512|Verbatim DVD-RAM, 9.4GB, Rewritable, Type 1, DS, DataLife Plus
513|"Linden® 12"" Wall Clock With Oak Frame"
514|Self-Adhesive Removable Labels
515|Chromcraft Bull-Nose Wood Oval Conference Tables & Bases
516|Vinyl Sectional Post Binders
517|"Imation 3.5"" IBM-Formatted Diskettes, 10/Pack"
518|Avery 494
519|Micro Innovations Micro Digital Wireless Keyboard and Mouse, Gray
520|Xerox 1923
521|Balt Split Level Computer Training Table
522|"Seth Thomas 13 1/2"" Wall Clock"
523|Global Leather & Oak Executive Chair, Burgundy
524|GBC Laser Imprintable Binding System Covers, Desert Sand
525|Rush Hierlooms Collection Rich Wood Bookcases
526|HP Office Recycled Paper (20Lb. and 87 Bright)
527|5125
528|Ibico Laser Imprintable Binding System Covers
529|Dixon Ticonderoga Core-Lock Colored Pencils, 48-Color Set
530|Eldon® Gobal File Keepers
531|Staples Standard Envelopes
532|Hayes Optima 56K V.90 Internal Voice Modem
533|"Perma STOR-ALL™ Hanging File Box, 13 1/8""W x 12 1/4""D x 10 1/2""H"
534|Fluorescent Highlighters by Dixon
535|IBM 80 Minute CD-R Spindle, 50/Pack
536|Xerox 1947
537|g520
538|Maxell DVD-RAM Discs
539|GBC DocuBind 200 Manual Binding Machine
540|Fellowes Mighty 8 Compact Surge Protector
541|Memorex Slim 80 Minute CD-R, 10/Pack
542|Xerox 1996
543|Eldon® 200 Class™ Desk Accessories, Burgundy
544|Xerox 1888
545|Eldon Expressions™ Desk Accessory, Wood Photo Frame, Mahogany
546|Global Troy™ Executive Leather Low-Back Tilter
547|DAX Solid Wood Frames
548|Newell 329
549|Stockwell Push Pins
550|Bevis Round Conference Table Top, X-Base
551|Avery Reinforcements for Hole-Punch Pages
552|Polycom ViewStation™ ISDN Videoconferencing Unit
553|GBC Clear Cover, 8-1/2 x 11, unpunched, 25 covers per pack
554|Acme® Preferred Stainless Steel Scissors
555|TDK 4.7GB DVD-R Spindle, 15/Pack
556|600 Series Non-Flip
557|Panasonic KX-P2130 Dot Matrix Printer
558|Xerox 1882
559|Letter/Legal File Tote with Clear Snap-On Lid, Black Granite
560|Eaton Premium Continuous-Feed Paper, 25% Cotton, Letter Size, White, 1000 Shts/Box
561|Acco® Hot Clips™ Clips to Go
562|Belkin Premiere Surge Master II 8-outlet surge protector
563|Staples Colored Interoffice Envelopes
564|Electrix Fluorescent Magnifier Lamps & Weighted Base
565|636
566|Fellowes Stor/Drawer® Steel Plus™ Storage Drawers
567|Ibico Presentation Index for Binding Systems
568|Xerox 207
569|6185
570|Accessory35
571|Super Decoflex Portable Personal File
572|Xerox 197
573|StarTAC 8000
574|3M Polarizing Light Filter Sleeves
575|Space Solutions™ Industrial Galvanized Steel Shelving.
576|"Chromcraft 48"" x 96"" Racetrack Double Pedestal Table"
577|Ibico EB-19 Dual Function Manual Binding System
578|Global Leather Executive Chair
579|AT&T Black Trimline Phone, Model 210
580|O'Sullivan Living Dimensions 2-Shelf Bookcases
581|Binder Clips by OIC
582|Fellowes Superior 10 Outlet Split Surge Protector
583|Hewlett Packard LaserJet 3310 Copier
584|Unpadded Memo Slips
585|Hon Non-Folding Utility Tables
586|Newell 339
587|Fellowes Strictly Business® Drawer File, Letter/Legal Size
588|Gyration Ultra Cordless Optical Suite
589|Electrix 20W Halogen Replacement Bulb for Zoom-In Desk Lamp
590|Boston 1799 Powerhouse™ Electric Pencil Sharpener
591|Tennsco Lockers, Gray
592|Safco Industrial Wire Shelving
593|Xerox 23
594|Global Enterprise Series Seating High-Back Swivel/Tilt Chairs
595|Bevis Round Conference Table Top & Single Column Base
596|Wilson Jones DublLock® D-Ring Binders
597|T65
598|Lesro Sheffield Collection Coffee Table, End Table, Center Table, Corner Table
599|DAX Cubicle Frames - 8x10
600|"Imation Primaris 3.5"" 2HD Unformatted Diskettes, 10/Pack"
601|Tyvek ® Top-Opening Peel & Seel Envelopes, Plain White
602|Peel-Off® China Markers
603|Xerox 1984
604|Xerox 1951
605|Xerox 1905
606|Advantus Rolling Storage Box
607|Accessory9
608|Boston KS Multi-Size Manual Pencil Sharpener
609|Dixon Ticonderoga® Erasable Colored Pencil Set, 12-Color
610|Deflect-O® Glasstique™ Clear Desk Accessories
611|Acme Kleencut® Forged Steel Scissors
612|Eureka The Boss® Cordless Rechargeable Stick Vac
613|Security-Tint Envelopes
614|6162
615|Microsoft Natural Keyboard Elite
616|SAFCO Commercial Wire Shelving, Black
617|Kensington 6 Outlet MasterPiece® HOMEOFFICE Power Control Center
618|Xerox 1938
619|GBC Plastic Binding Combs
620|Avery 496
621|Tripp Lite Isotel 6 Outlet Surge Protector with Fax/Modem Protection
622|Imation Neon 80 Minute CD-R Spindle, 50/Pack
623|Eldon® Expressions™ Wood and Plastic Desk Accessories, Oak
624|Bush Cubix Collection Bookcases, Fully Assembled
625|Acco Perma® 2700 Stacking Storage Drawers
626|Dixon My First Ticonderoga Pencil, #2
627|Prang Dustless Chalk Sticks
628|Imation 3.5, DISKETTE 44766 HGHLD3.52HD/FM, 10/Pack
629|Accessory32
630|SouthWestern Bell FA970 Digital Answering Machine with Time/Day Stamp
631|Avery 510
632|Dana Swing-Arm Lamps
633|KI Conference Tables
634|Serrated Blade or Curved Handle Hand Letter Openers
635|TOPS Money Receipt Book, Consecutively Numbered in Red,
636|Xerox 1880
637|Staples Metal Binder Clips
638|Iris Project Case
639|Boston 1645 Deluxe Heavier-Duty Electric Pencil Sharpener
640|Honeywell Enviracaire Portable HEPA Air Cleaner for 17' x 22' Room
641|US Robotics 56K V.92 Internal PCI Faxmodem
642|Xerox 1941
643|O'Sullivan Cherrywood Estates Traditional Barrister Bookcase
644|Gyration Ultra Professional Cordless Optical Suite
645|Xerox 1932
646|4009® Highlighters by Sanford
647|Quartet Alpha® White Chalk, 12/Pack
648|Kensington 6 Outlet SmartSocket Surge Protector
649|Bevis Boat-Shaped Conference Table
650|File Shuttle II and Handi-File, Black
651|Hon 2090 “Pillow Soft” Series Mid Back Swivel/Tilt Chairs
652|"Imation 3.5"" DS-HD Macintosh Formatted Diskettes, 10/Pack"
653|"Wilson Jones Elliptical Ring 3 1/2"" Capacity Binders, 800 sheets"
654|Rogers® Profile Extra Capacity Storage Tub
655|G.E. Longer-Life Indoor Recessed Floodlight Bulbs
656|Wirebound Four 2-3/4 x 5 Forms per Page, 400 Sets per Book
657|Xerox 231
658|Avery 506
659|Universal Premium White Copier/Laser Paper (20Lb. and 87 Bright)
660|Premium Writing Pencils, Soft, #2 by Central Association for the Blind
661|Eldon Expressions Punched Metal & Wood Desk Accessories, Black & Cherry
662|Avery 501
663|"REDIFORM Incoming/Outgoing Call Register, 11"" X 8 1/2"", 100 Messages"
664|Acme® Office Executive Series Stainless Steel Trimmers
665|PC Concepts 116 Key Quantum 3000 Keyboard
666|Wausau Papers Astrobrights® Colored Envelopes
667|Newell 335
668|Eldon Cleatmat Plus™ Chair Mats for High Pile Carpets
669|StarTAC Analog
670|Fellowes Mobile Numeric Keypad, Graphite
671|Global Push Button Manager's Chair, Indigo
672|BPI Conference Tables
673|Avery 514
674|Maxell Pro 80 Minute CD-R, 10/Pack
675|Staples Brown Kraft Recycled Clasp Envelopes
676|Eldon Executive Woodline II Cherry Finish Desk Accessories
677|Xerox 1922
678|Logitech Access Keyboard
679|Xerox 1929
680|Lexmark 4227 Plus Dot Matrix Printer
681|Catalog Binders with Expanding Posts
682|Decoflex Hanging Personal Folder File, Blue
683|Fellowes Super Stor/Drawer®
684|Novimex Swivel Fabric Task Chair
685|Eldon Portable Mobile Manager
686|Accessory27
687|VTech VT20-2481 2.4GHz Two-Line Phone System w/Answering Machine
688|Eldon Expressions Mahogany Wood Desk Collection
689|Xerox 1954
690|KF 788
691|Heavy-Duty E-Z-D® Binders
692|Jet-Pak Recycled Peel 'N' Seal Padded Mailers
693|Personal Creations™ Ink Jet Cards and Labels
694|Targus USB Numeric Keypad
695|Fellowes PB300 Plastic Comb Binding Machine
696|Colored Envelopes
697|"Imation 3.5"" DS/HD IBM Formatted Diskettes, 10/Pack"
698|LX 677
699|Advantus Push Pins, Aluminum Head
700|X-Rack™ File for Hanging Folders
701|Peel & Stick Add-On Corner Pockets
702|Xerox 21
703|Avery 487
704|Quartet Omega® Colored Chalk, 12/Pack
705|Microsoft Natural Multimedia Keyboard
706|GBC DocuBind 300 Electric Binding Machine
707|Portfile® Personal File Boxes
708|Staples Surge Protector 6 outlet
709|Avery 482
710|Hon GuestStacker Chair
711|Trav-L-File Heavy-Duty Shuttle II, Black
712|BOSTON® Ranger® #55 Pencil Sharpener, Black
713|Hewlett-Packard Deskjet 3820 Color Inkjet Printer
714|Avery 485
715|i270
716|Imation DVD-RAM discs
717|Letter Size Cart
718|GBC DocuBind TL200 Manual Binding Machine
719|Global Commerce™ Series High-Back Swivel/Tilt Chairs
720|Fellowes Personal Hanging Folder Files, Navy
721|Hunt BOSTON® Vista® Battery-Operated Pencil Sharpener, Black
722|TI 36X Solar Scientific Calculator
723|Eldon Simplefile® Box Office®
724|Newell 308
725|Accessory17
726|8890
727|12-1/2 Diameter Round Wall Clock
728|Regeneration Desk Collection
729|TimeportP7382
730|Newell 340
731|Xerox 1991
732|T60
733|TI 30X Scientific Calculator
734|"Executive Impressions 13-1/2"" Indoor/Outdoor Wall Clock"
735|"Executive Impressions 14"" Contract Wall Clock"
736|"Avery® 3 1/2"" Diskette Storage Pages, 10/Pack"
737|"Bevis Round Bullnose 29"" High Table Top"
738|Ibico EPK-21 Electric Binding System
739|"Career Cubicle Clock, 8 1/4"", Black"
740|Hammermill Color Copier Paper (28Lb. and 96 Bright)
741|5170i
742|Revere Boxed Rubber Bands by Revere
743|Newell 326
744|Lumber Crayons
745|Iris® 3-Drawer Stacking Bin, Black
746|Storex DuraTech Recycled Plastic Frosted Binders
747|Ultra Commercial Grade Dual Valve Door Closer
748|Acco 6 Outlet Guardian Premium Surge Suppressor
749|Sanford Liquid Accent Highlighters
750|*Staples* Packaging Labels
751|Bevis Steel Folding Chairs
752|Xerox 1917
753|Novimex Turbo Task Chair
754|HP Office Paper (20Lb. and 87 Bright)
755|Hewlett-Packard Deskjet 1220Cse Color Inkjet Printer
756|Accessory15
757|Hunt Boston® Vacuum Mount KS Pencil Sharpener
758|Desktop 3-Pocket Hot File®
759|Global Leather Highback Executive Chair with Pneumatic Height Adjustment, Black
760|Post-it® “Important Message” Note Pad, Neon Colors, 50 Sheets/Pad
761|Xerox 216
762|Eldon Antistatic Chair Mats for Low to Medium Pile Carpets
763|Fellowes Binding Cases
764|StarTAC 7760
765|Sanford EarthWrite® Recycled Pencils, Medium Soft, #2
766|Canon PC1080F Personal Copier
767|Holmes Harmony HEPA Air Purifier for 17 x 20 Room
768|XtraLife® ClearVue™ Slant-D® Ring Binders by Cardinal
769|Binney & Smith inkTank™ Erasable Pocket Highlighter, Chisel Tip, Yellow
770|Deflect-o RollaMat Studded, Beveled Mat for Medium Pile Carpeting
771|Hon Rectangular Conference Tables
772|GBC Standard Plastic Binding Systems' Combs
773|Wilson Jones Impact Binders
774|Fellowes Recycled Storage Drawers
775|3M Polarizing Task Lamp with Clamp Arm, Light Gray
776|Boston Model 1800 Electric Pencil Sharpener, Gray
777|Boston 1730 StandUp Electric Pencil Sharpener
778|AT&T 2230 Dual Handset Phone With Caller ID/Call Waiting
779|Balt Solid Wood Rectangular Table
780|Sanford 52201 APSCO Electric Pencil Sharpener
781|Prang Colored Pencils
782|Economy Rollaway Files
783|Deflect-o EconoMat Studded, No Bevel Mat for Low Pile Carpeting
784|"#10- 4 1/8"" x 9 1/2"" Recycled Envelopes"
785|DAX Value U-Channel Document Frames, Easel Back
786|6120
787|"Telephone Message Books with Fax/Mobile Section, 4 1/4"" x 6"""
788|Tenex Personal Project File with Scoop Front Design, Black
789|Talkabout T8097
790|Surelock™ Post Binders
791|Panasonic KP-310 Heavy-Duty Electric Pencil Sharpener
792|Xerox 1892
793|Chromcraft Bull-Nose Wood Round Conference Table Top, Wood Base
794|Memorex 80 Minute CD-R Spindle, 100/Pack
795|Avery Heavy-Duty EZD ™ Binder With Locking Rings
796|"Wirebound Service Call Books, 5 1/2"" x 4"""
797|"Iceberg OfficeWorks 42"" Round Tables"
798|Zoom V.92 V.44 PCI Internal Controllerless FaxModem
799|GBC Recycled Grain Textured Covers
800|Panasonic KP-350BK Electric Pencil Sharpener with Auto Stop
801|GBC ProClick™ 150 Presentation Binding System
802|Fellowes Smart Surge Ten-Outlet Protector, Platinum
803|Fellowes Neat Ideas® Storage Cubes
804|Southworth Structures Collection™
805|Micro Innovations 104 Keyboard
806|O'Sullivan 3-Shelf Heavy-Duty Bookcases
807|Park Ridge™ Embossed Executive Business Envelopes
808|Deflect-o Glass Clear Studded Chair Mats
809|Xerox 1961
810|Novimex Fabric Task Chair
811|"1.7 Cubic Foot Compact ""Cube"" Office Refrigerators"
812|Newell 336
813|Verbatim DVD-R, 3.95GB, SR, Mitsubishi Branded, Jewel
814|Wilson Jones Suede Grain Vinyl Binders
815|Fellowes Officeware™ Wire Shelving
816|Xerox 19
817|Newell 342
818|EcoTones® Memo Sheets
819|GBC VeloBinder Strips
820|Xerox 1936
821|SAFCO Arco Folding Chair
822|StarTAC 3000
823|6160
824|Okidata Pacemark 4410N Wide Format Dot Matrix Printer
825|Prismacolor Color Pencil Set
826|Dixon Prang® Watercolor Pencils, 10-Color Set with Brush
827|Fuji Slim Jewel Case CD-R
828|Belkin 6 Outlet Metallic Surge Strip
829|Xerox 1952
830|Wilson Jones® Four-Pocket Poly Binders
831|Xerox Blank Computer Paper
832|Storex Dura Pro™ Binders
833|270c
834|Global Adaptabilities™ Conference Tables
835|Tenex Antistatic Computer Chair Mats
836|Xerox 1898
837|210 Trimline Phone, White
838|"Seth Thomas 14"" Putty-Colored Wall Clock"
839|Avery 49
840|Imation 3.5 IBM Formatted Diskettes, 10/Box
841|"Acco PRESSTEX® Data Binder with Storage Hooks, Dark Blue, 14 7/8"" X 11"""
842|"1/4 Fold Party Design Invitations & White Envelopes, 24 8-1/2"" X 11"" Cards, 25 Env./Pack"
843|KH 688
844|Chromcraft Rectangular Conference Tables
845|Hoover Replacement Belts For Soft Guard™ & Commercial Ltweight Upright Vacs, 2/Pk
846|Ibico Ibimaster 300 Manual Binding System
847|Xerox 200
848|DMI Eclipse Executive Suite Bookcases
849|Bush Heritage Pine Collection 5-Shelf Bookcase, Albany Pine Finish, *Special Order
850|Bush® Cubix Conference Tables, Fully Assembled
851|Staples Pen Style Liquid Stix; Assorted (yellow, pink, green, blue, orange), 5/Pack
852|Staples Vinyl Coated Paper Clips, 800/Box
853|Hewlett-Packard 4.7GB DVD+R Discs
854|Belkin 8 Outlet SurgeMaster II Gold Surge Protector
855|Verbatim DVD-R, 4.7GB, Spindle, WE, Blank, Ink Jet/Thermal, 20/Spindle
856|Brother DCP1000 Digital 3 in 1 Multifunction Machine
857|Home/Office Personal File Carts
858|Dixon Ticonderoga Core-Lock Colored Pencils
859|Space Solutions Commercial Steel Shelving
860|Boston 16765 Mini Stand Up Battery Pencil Sharpener
861|Zebra Zazzle Fluorescent Highlighters
862|"Dana Fluorescent Magnifying Lamp, White, 36"""
863|Holmes Cool Mist Humidifier for the Whole House with 8-Gallon Output per Day, Extended Life Filter
864|Bagged Rubber Bands
865|Eureka Sanitaire ® Multi-Pro Heavy-Duty Upright, Disposable Bags
866|CF 688
867|Steel Personal Filing/Posting Tote
868|Fellowes Twister Kit, Gray/Clear, 3/pkg
869|Adams Telephone Message Books, 5 1/4” x 11”
870|Fellowes Smart Design 104-Key Enhanced Keyboard, PS/2 Adapter, Platinum
871|Wilson Jones Custom Binder Spines & Labels
872|Xerox 1883
873|Southworth 25% Cotton Premium Laser Paper and Envelopes
874|Angle-D Binders with Locking Rings, Label Holders
875|Hewlett-Packard Deskjet 5550 Color Inkjet Printer
876|Letter Slitter
877|3390
878|Avery 507
879|Acco Smartsocket® Color-Coded Six-Outlet AC Adapter Model Surge Protectors
880|Eldon Pizzaz™ Desk Accessories
881|Wirebound Message Forms, Four 2 3/4 x 5 Forms per Page, Pink Paper
882|Lifetime Advantage™ Folding Chairs, 4/Carton
883|600 Series Flip
884|Master Caster Door Stop, Brown
885|Belkin ErgoBoard™ Keyboard
886|36X48 HARDFLOOR CHAIRMAT
887|Sanford Pocket Accent® Highlighters
888|Xerox 1950
889|Multi-Use Personal File Cart and Caster Set, Three Stacking Bins
890|"Acco PRESSTEX® Data Binder with Storage Hooks, Dark Blue, 9 1/2"" X 11"""
891|Office Star Flex Back Scooter Chair with Aluminum Finish Frame
892|Eldon Shelf Savers™ Cubes and Bins
893|TDK 4.7GB DVD-R
894|DAX Copper Panel Document Frame, 5 x 7 Size
895|"Avery Trapezoid Extra Heavy Duty 4"" Binders"
896|Eldon Radial Chair Mat for Low to Medium Pile Carpets
897|Model L Table or Wall-Mount Pencil Sharpener
898|Hon Metal Bookcases, Black
899|Hewlett-Packard Business Color Inkjet 3000 [N, DTN] Series Printers
900|Xerox 217
901|Bionaire 99.97% HEPA Air Cleaner
902|Hewlett-Packard cp1700 [D, PS] Series Color Inkjet Printers
903|Xerox 1930
904|Sharp AL-1530CS Digital Copier
905|Hon 4070 Series Pagoda™ Round Back Stacking Chairs
906|Bevis Rectangular Conference Tables
907|"Fiskars 8"" Scissors, 2/Pack"
908|Canon PC940 Copier
909|DIXON Ticonderoga® Erasable Checking Pencils
910|i1000plus
911|2190
912|"Tenex 46"" x 60"" Computer Anti-Static Chairmat, Rectangular Shaped"
