Postal Code|Country|State or Province|City
55372|United States|Minnesota|Prior Lake
78664|United States|Texas|Round Rock
60601|United States|Illinois|Chicago
66502|United States|Kansas|Manhattan
62002|United States|Illinois|Alton
76148|United States|Texas|Watauga
76240|United States|Texas|Gainesville
60004|United States|Illinois|Arlington Heights
60505|United States|Illinois|Aurora
66212|United States|Kansas|Overland Park
48138|United States|Michigan|Detroit
74006|United States|Oklahoma|Bartlesville
60462|United States|Illinois|Orland Park
50208|United States|Iowa|Newton
55423|United States|Minnesota|Richfield
78207|United States|Texas|San Antonio
66203|United States|Kansas|Shawnee
67212|United States|Kansas|Wichita
60130|United States|Illinois|Forest Park
60510|United States|Illinois|Batavia
48234|United States|Michigan|Detroit
61701|United States|Illinois|Bloomington
68801|United States|Nebraska|Grand Island
68847|United States|Nebraska|Kearney
68502|United States|Nebraska|Lincoln
63105|United States|Missouri|Clayton
78589|United States|Texas|San Juan
61801|United States|Illinois|Urbana
68701|United States|Nebraska|Norfolk
55113|United States|Minnesota|Roseville
60543|United States|Illinois|Oswego
60061|United States|Illinois|Vernon Hills
78155|United States|Texas|Seguin
75090|United States|Texas|Sherman
61554|United States|Illinois|Pekin
60091|United States|Illinois|Wilmette
60517|United States|Illinois|Woodridge
46016|United States|Indiana|Anderson
46032|United States|Indiana|Carmel
47201|United States|Indiana|Columbus
48195|United States|Michigan|Southgate
55106|United States|Minnesota|Saint Paul
55379|United States|Minnesota|Shakopee
60440|United States|Illinois|Bolingbrook
60089|United States|Illinois|Buffalo Grove
75203|United States|Texas|Dallas
52501|United States|Iowa|Ottumwa
64133|United States|Missouri|Raytown
68046|United States|Nebraska|Papillion
63116|United States|Missouri|Saint Louis
63376|United States|Missouri|Saint Peters
46307|United States|Indiana|Crown Point
46312|United States|Indiana|East Chicago
46041|United States|Indiana|Frankfort
62301|United States|Illinois|Quincy
61201|United States|Illinois|Rock Island
73064|United States|Oklahoma|Mustang
79605|United States|Texas|Abilene
79109|United States|Texas|Amarillo
55126|United States|Minnesota|Shoreview
76021|United States|Texas|Bedford
76201|United States|Texas|Denton
77803|United States|Texas|Bryan
76028|United States|Texas|Burleson
75067|United States|Texas|Highland Village
60610|United States|Illinois|Chicago
66762|United States|Kansas|Pittsburg
60459|United States|Illinois|Burbank
60409|United States|Illinois|Calumet City
62901|United States|Illinois|Carbondale
60441|United States|Illinois|Romeoville
60174|United States|Illinois|Saint Charles
62701|United States|Illinois|Springfield
75220|United States|Texas|Dallas
77566|United States|Texas|Lake Jackson
75146|United States|Texas|Lancaster
78041|United States|Texas|Laredo
78852|United States|Texas|Eagle Pass
78539|United States|Texas|Edinburg
79907|United States|Texas|El Paso
76039|United States|Texas|Euless
75234|United States|Texas|Farmers Branch
60188|United States|Illinois|Carol Stream
75056|United States|Texas|The Colony
76706|United States|Texas|Waco
46806|United States|Indiana|Fort Wayne
46404|United States|Indiana|Gary
46530|United States|Indiana|Granger
75482|United States|Texas|Sulphur Springs
75028|United States|Texas|Flower Mound
75007|United States|Texas|Carrollton
75104|United States|Texas|Cedar Hill
78641|United States|Texas|Leander
60110|United States|Illinois|Carpentersville
78613|United States|Texas|Cedar Park
77530|United States|Texas|Channelview
73521|United States|Oklahoma|Altus
46324|United States|Indiana|Hammond
47591|United States|Indiana|Vincennes
60623|United States|Illinois|Chicago
76086|United States|Texas|Weatherford
78596|United States|Texas|Weslaco
52761|United States|Iowa|Muscatine
48101|United States|Michigan|Allen Park
79424|United States|Texas|Lubbock
75901|United States|Texas|Lufkin
76063|United States|Texas|Mansfield
60653|United States|Illinois|Chicago
49017|United States|Michigan|Battle Creek
46203|United States|Indiana|Indianapolis
46901|United States|Indiana|Kokomo
47905|United States|Indiana|Lafayette
48708|United States|Michigan|Bay City
47130|United States|Indiana|Jeffersonville
65807|United States|Missouri|Springfield
68601|United States|Nebraska|Columbus
60016|United States|Illinois|Des Plaines
60516|United States|Illinois|Downers Grove
65721|United States|Missouri|Ozark
77840|United States|Texas|College Station
47302|United States|Indiana|Muncie
55305|United States|Minnesota|Hopkins
63130|United States|Missouri|University City
47374|United States|Indiana|Richmond
46322|United States|Indiana|Highland
46375|United States|Indiana|Schererville
77546|United States|Texas|Friendswood
60098|United States|Illinois|Woodstock
60611|United States|Illinois|Chicago
77301|United States|Texas|Conroe
60123|United States|Illinois|Elgin
67114|United States|Kansas|Newton
73703|United States|Oklahoma|Enid
73505|United States|Oklahoma|Lawton
63141|United States|Missouri|Creve Coeur
61032|United States|Illinois|Freeport
46614|United States|Indiana|South Bend
47802|United States|Indiana|Terre Haute
46383|United States|Indiana|Valparaiso
47906|United States|Indiana|West Lafayette
61401|United States|Illinois|Galesburg
48187|United States|Michigan|Canton
48126|United States|Michigan|Dearborn
52722|United States|Iowa|Bettendorf
52601|United States|Iowa|Burlington
50613|United States|Iowa|Cedar Falls
52402|United States|Iowa|Cedar Rapids
63119|United States|Missouri|Webster Groves
54915|United States|Wisconsin|Appleton
75043|United States|Texas|Garland
78626|United States|Texas|Georgetown
75051|United States|Texas|Grand Prairie
66801|United States|Kansas|Emporia
48601|United States|Michigan|Saginaw
52732|United States|Iowa|Clinton
48127|United States|Michigan|Dearborn Heights
48823|United States|Michigan|East Lansing
79701|United States|Texas|Midland
51503|United States|Iowa|Council Bluffs
75401|United States|Texas|Greenville
67901|United States|Kansas|Liberal
69101|United States|Nebraska|North Platte
48021|United States|Michigan|Eastpointe
48336|United States|Michigan|Farmington Hills
48505|United States|Michigan|Flint
48135|United States|Michigan|Garden City
63129|United States|Missouri|Mehlville
48310|United States|Michigan|Sterling Heights
64118|United States|Missouri|Gladstone
63042|United States|Missouri|Hazelwood
53094|United States|Wisconsin|Watertown
52001|United States|Iowa|Dubuque
48093|United States|Michigan|Warren
48185|United States|Michigan|Westland
64055|United States|Missouri|Independence
48227|United States|Michigan|Detroit
55420|United States|Minnesota|Bloomington
55429|United States|Minnesota|Brooklyn Center
55445|United States|Minnesota|Brooklyn Park
55337|United States|Minnesota|Burnsville
50501|United States|Iowa|Fort Dodge
64804|United States|Missouri|Joplin
64130|United States|Missouri|Kansas City
63122|United States|Missouri|Kirkwood
76543|United States|Texas|Harker Heights
78550|United States|Texas|Harlingen
77036|United States|Texas|Houston
54703|United States|Wisconsin|Eau Claire
53713|United States|Wisconsin|Fitchburg
53132|United States|Wisconsin|Franklin
55433|United States|Minnesota|Coon Rapids
57201|United States|South Dakota|Watertown
52302|United States|Iowa|Marion
54302|United States|Wisconsin|Green Bay
53220|United States|Wisconsin|Greenfield
77015|United States|Texas|Cloverleaf
55803|United States|Minnesota|Duluth
49505|United States|Michigan|Grand Rapids
60103|United States|Illinois|Hanover Park
77340|United States|Texas|Huntsville
76053|United States|Texas|Hurst
75061|United States|Texas|Irving
76248|United States|Texas|Keller
76541|United States|Texas|Killeen
73110|United States|Oklahoma|Midwest City
73160|United States|Oklahoma|Moore
53150|United States|Wisconsin|Muskego
55410|United States|Minnesota|Edina
53545|United States|Wisconsin|Janesville
55014|United States|Minnesota|Lino Lakes
49783|United States|Michigan|Sault Sainte Marie
60432|United States|Illinois|Joliet
60901|United States|Illinois|Kankakee
60102|United States|Illinois|Lake In The Hills
46321|United States|Indiana|Munster
75109|United States|Texas|Corsicana
53142|United States|Wisconsin|Kenosha
53711|United States|Wisconsin|Madison
55432|United States|Minnesota|Fridley
49423|United States|Michigan|Holland
48141|United States|Michigan|Inkster
54220|United States|Wisconsin|Manitowoc
49002|United States|Michigan|Portage
57401|United States|South Dakota|Aberdeen
57103|United States|South Dakota|Sioux Falls
73071|United States|Oklahoma|Norman
67037|United States|Kansas|Derby
57701|United States|South Dakota|Rapid City
49001|United States|Michigan|Kalamazoo
48911|United States|Michigan|Lansing
60438|United States|Illinois|Lansing
60131|United States|Illinois|Franklin Park
48071|United States|Michigan|Madison Heights
50158|United States|Iowa|Marshalltown
50401|United States|Iowa|Mason City
51106|United States|Iowa|Sioux City
55076|United States|Minnesota|Inver Grove Heights
74133|United States|Oklahoma|Tulsa
79762|United States|Texas|Odessa
67601|United States|Kansas|Hays
68128|United States|Nebraska|La Vista
75460|United States|Texas|Paris
48154|United States|Michigan|Livonia
56001|United States|Minnesota|Mankato
55369|United States|Minnesota|Maple Grove
58201|United States|North Dakota|Grand Forks
60603|United States|Illinois|Chicago
48640|United States|Michigan|Midland
55119|United States|Minnesota|Maplewood
53209|United States|Wisconsin|Milwaukee
54956|United States|Wisconsin|Neenah
53151|United States|Wisconsin|New Berlin
53154|United States|Wisconsin|Oak Creek
58601|United States|North Dakota|Dickinson
50265|United States|Iowa|West Des Moines
53402|United States|Wisconsin|Racine
53081|United States|Wisconsin|Sheboygan
48237|United States|Michigan|Oak Park
48342|United States|Michigan|Pontiac
48060|United States|Michigan|Port Huron
55343|United States|Minnesota|Minnetonka Mills
60148|United States|Illinois|Lombard
58554|United States|North Dakota|Mandan
67846|United States|Kansas|Garden City
67501|United States|Kansas|Hutchinson
66048|United States|Kansas|Leavenworth
66209|United States|Kansas|Leawood
55128|United States|Minnesota|Oakdale
77041|United States|Texas|Houston
60160|United States|Illinois|Melrose Park
61265|United States|Illinois|Moline
60056|United States|Illinois|Mount Prospect
60060|United States|Illinois|Mundelein
60540|United States|Illinois|Naperville
77506|United States|Texas|Pasadena
78660|United States|Texas|Pflugerville
78577|United States|Texas|Pharr
55060|United States|Minnesota|Owatonna
54481|United States|Wisconsin|Stevens Point
60062|United States|Illinois|Northbrook
60101|United States|Illinois|Addison
54880|United States|Wisconsin|Superior
53186|United States|Wisconsin|Waukesha
49221|United States|Michigan|Adrian
48307|United States|Michigan|Rochester Hills
53213|United States|Wisconsin|Wauwatosa
53214|United States|Wisconsin|West Allis
53095|United States|Wisconsin|West Bend
61832|United States|Illinois|Danville
7203|United States|New Jersey|Roselle
11787|United States|New York|Smithtown
13210|United States|New York|Syracuse
10012|United States|New York|New York City
14150|United States|New York|Tonawanda
10177|United States|New York|New York City
5401|United States|Vermont|Burlington
44708|United States|Ohio|Canton
45231|United States|Ohio|Cincinnati
4005|United States|Maine|Biddeford
2129|United States|Massachusetts|Boston
3820|United States|New Hampshire|Dover
7644|United States|New Jersey|Lodi
6401|United States|Connecticut|Ansonia
2664|United States|Massachusetts|Yarmouth
15122|United States|Pennsylvania|West Mifflin
7024|United States|New Jersey|Fort Lee
2474|United States|Massachusetts|Arlington
12180|United States|New York|Troy
13501|United States|New York|Utica
17331|United States|Pennsylvania|Hanover
44106|United States|Ohio|Cleveland Heights
6824|United States|Connecticut|Fairfield
6111|United States|Connecticut|Newington
7109|United States|New Jersey|Belleville
7101|United States|New Jersey|Newark
21208|United States|Maryland|Pikesville
1007|United States|Massachusetts|Belchertown
20854|United States|Maryland|Potomac
4073|United States|Maine|Sanford
3045|United States|New Hampshire|Goffstown
43229|United States|Ohio|Columbus
4401|United States|Maine|Bangor
4101|United States|Maine|Portland
13601|United States|New York|Watertown
19406|United States|Pennsylvania|King of Prussia
2910|United States|Rhode Island|Cranston
4240|United States|Maine|Lewiston
2149|United States|Massachusetts|Everett
19026|United States|Pennsylvania|Drexel Hill
13021|United States|New York|Auburn
44221|United States|Ohio|Cuyahoga Falls
45406|United States|Ohio|Dayton
8360|United States|New Jersey|South Vineland
7201|United States|New Jersey|Elizabeth
1462|United States|Massachusetts|Lunenburg
8332|United States|New Jersey|Millville
2019|United States|Massachusetts|Bellingham
1915|United States|Massachusetts|Beverly
2341|United States|Massachusetts|Hanson
7506|United States|New Jersey|Hawthorne
8601|United States|New Jersey|Trenton
21133|United States|Maryland|Randallstown
4106|United States|Maine|South Portland
2062|United States|Massachusetts|Norwood
10154|United States|New York|New York City
26501|United States|West Virginia|Morgantown
6770|United States|Connecticut|Naugatuck
6478|United States|Connecticut|Seymour
4210|United States|Maine|Auburn
1801|United States|Massachusetts|Woburn
3301|United States|New Hampshire|Concord
21136|United States|Maryland|Reisterstown
11795|United States|New York|West Islip
3101|United States|New Hampshire|Manchester
5701|United States|Vermont|Rutland
43952|United States|Ohio|Steubenville
1540|United States|Massachusetts|Oxford
5403|United States|Vermont|South Burlington
2152|United States|Massachusetts|Winthrop
6614|United States|Connecticut|Stratford
1803|United States|Massachusetts|Burlington
3079|United States|New Hampshire|Salem
7003|United States|New Jersey|Bloomfield
7016|United States|New Jersey|Cranford
7901|United States|New Jersey|Summit
18103|United States|Pennsylvania|Allentown
6010|United States|Connecticut|Bristol
6405|United States|Connecticut|Branford
6810|United States|Connecticut|Danbury
20024|United States|District of Columbia|Washington
10039|United States|New York|New York City
16602|United States|Pennsylvania|Altoona
1887|United States|Massachusetts|Wilmington
26003|United States|West Virginia|Wheeling
4330|United States|Maine|Augusta
8857|United States|New Jersey|Old Bridge
6776|United States|Connecticut|New Milford
7002|United States|New Jersey|Bayonne
2108|United States|Massachusetts|Boston
4070|United States|Maine|West Scarborough
7450|United States|New Jersey|Ridgewood
5201|United States|Vermont|Bennington
4038|United States|Maine|Gorham
4072|United States|Maine|Saco
15221|United States|Pennsylvania|Wilkinsburg
11722|United States|New York|Central Islip
14225|United States|New York|Cheektowaga
11725|United States|New York|Commack
43015|United States|Ohio|Delaware
43017|United States|Ohio|Dublin
2109|United States|Massachusetts|Boston
11727|United States|New York|Coram
18018|United States|Pennsylvania|Bethlehem
11729|United States|New York|Deer Park
11746|United States|New York|Dix Hills
10282|United States|New York|New York City
6360|United States|Connecticut|Norwich
2118|United States|Massachusetts|Boston
1075|United States|Massachusetts|South Hadley
1876|United States|Massachusetts|Tewksbury
7086|United States|New Jersey|Union City
19711|United States|Delaware|Newark
6050|United States|Connecticut|New Britain
20016|United States|District of Columbia|Washington
1776|United States|Massachusetts|Sudbury
3060|United States|New Hampshire|Nashua
7407|United States|New Jersey|Elmwood Park
7079|United States|New Jersey|South Orange
2920|United States|Rhode Island|Cranston
2112|United States|Massachusetts|Boston
2861|United States|Rhode Island|Pawtucket
19140|United States|Pennsylvania|Philadelphia
10009|United States|New York|New York City
19134|United States|Pennsylvania|Philadelphia
10170|United States|New York|New York City
17201|United States|Pennsylvania|Chambersburg
20746|United States|Maryland|Camp Springs
3801|United States|New Hampshire|Portsmouth
2113|United States|Massachusetts|Boston
44035|United States|Ohio|Elyria
44117|United States|Ohio|Euclid
43081|United States|Ohio|Westerville
44145|United States|Ohio|Westlake
44691|United States|Ohio|Wooster
21222|United States|Maryland|Dundalk
14901|United States|New York|Elmira
4901|United States|Maine|Waterville
44094|United States|Ohio|Willoughby
25705|United States|West Virginia|Huntington
20601|United States|Maryland|Waldorf
11598|United States|New York|Woodmere
11010|United States|New York|Franklin Square
11520|United States|New York|Freeport
1748|United States|Massachusetts|Hopkinton
17602|United States|Pennsylvania|Lancaster
11542|United States|New York|Glen Cove
6901|United States|Connecticut|Stamford
11714|United States|New York|Bethpage
45324|United States|Ohio|Fairborn
45014|United States|Ohio|Fairfield
17112|United States|Pennsylvania|Harrisburg
19057|United States|Pennsylvania|Levittown
44118|United States|Ohio|Shaker Heights
19464|United States|Pennsylvania|Pottstown
43026|United States|Ohio|Hilliard
44240|United States|Ohio|Kent
45429|United States|Ohio|Kettering
20012|United States|District of Columbia|Washington
10528|United States|New York|Harrison
11550|United States|New York|Hempstead
26101|United States|West Virginia|Parkersburg
1469|United States|Massachusetts|Townsend
1570|United States|Massachusetts|Webster
7036|United States|New Jersey|Linden
2806|United States|Rhode Island|Barrington
45801|United States|Ohio|Lima
44052|United States|Ohio|Lorain
15228|United States|Pennsylvania|Mount Lebanon
19090|United States|Pennsylvania|Willow Grove
11758|United States|New York|East Massapequa
15239|United States|Pennsylvania|Plum
10550|United States|New York|Mount Vernon
14853|United States|New York|Ithaca
10956|United States|New York|New City
16146|United States|Pennsylvania|Sharon
1610|United States|Massachusetts|Worcester
14701|United States|New York|Jamestown
11756|United States|New York|Levittown
11757|United States|New York|Lindenhurst
20715|United States|Maryland|Bowie
21228|United States|Maryland|Catonsville
44646|United States|Ohio|Massillon
44256|United States|Ohio|Medina
16801|United States|Pennsylvania|State College
14304|United States|New York|Niagara Falls
15601|United States|Pennsylvania|Greensburg
10011|United States|New York|New York City
20740|United States|Maryland|College Park
21114|United States|Maryland|Crofton
21501|United States|Maryland|Cumberland
21040|United States|Maryland|Edgewood
10024|United States|New York|New York City
11572|United States|New York|Oceanside
10035|United States|New York|New York City
6408|United States|Connecticut|Cheshire
2138|United States|Massachusetts|Cambridge
7631|United States|New Jersey|Englewood
2908|United States|Rhode Island|Providence
43213|United States|Ohio|Whitehall
17403|United States|Pennsylvania|York
10562|United States|New York|Ossining
10165|United States|New York|New York City
3054|United States|New Hampshire|Merrimack
7601|United States|New Jersey|Hackensack
8830|United States|New Jersey|Iselin
8863|United States|New Jersey|Fords
10004|United States|New York|New York City
15234|United States|Pennsylvania|Baldwin
44107|United States|Ohio|Lakewood
11803|United States|New York|Plainview
7011|United States|New Jersey|Clifton
21042|United States|Maryland|Ellicott City
10115|United States|New York|New York City
6708|United States|Connecticut|Waterbury
8021|United States|New Jersey|Lindenwold
20877|United States|Maryland|Gaithersburg
43055|United States|Ohio|Newark
44070|United States|Ohio|North Olmsted
44039|United States|Ohio|North Ridgeville
44133|United States|Ohio|North Royalton
44134|United States|Ohio|Parma
43068|United States|Ohio|Reynoldsburg
44125|United States|Ohio|Garfield Heights
21740|United States|Maryland|Hagerstown
20707|United States|Maryland|Laurel
2215|United States|Massachusetts|Boston
2180|United States|Massachusetts|Stoneham
7960|United States|New Jersey|Morristown
14043|United States|New York|Depew
43123|United States|Ohio|Grove City
21220|United States|Maryland|Middle River
43050|United States|Ohio|Mount Vernon
44870|United States|Ohio|Sandusky
14609|United States|New York|Rochester
44515|United States|Ohio|Austintown
44224|United States|Ohio|Stow
44136|United States|Ohio|Strongsville
43615|United States|Ohio|Toledo
19112|United States|Pennsylvania|Philadelphia
45011|United States|Ohio|Hamilton
11967|United States|New York|Shirley
3246|United States|New Hampshire|Laconia
3053|United States|New Hampshire|Londonderry
3051|United States|New Hampshire|Hudson
21403|United States|Maryland|Annapolis
10112|United States|New York|New York City
12306|United States|New York|Rotterdam
7060|United States|New Jersey|North Plainfield
6320|United States|Connecticut|New London
1001|United States|Massachusetts|Agawam
1760|United States|Massachusetts|Natick
2563|United States|Massachusetts|Sandwich
1890|United States|Massachusetts|Winchester
20006|United States|District of Columbia|Washington
45373|United States|Ohio|Troy
43221|United States|Ohio|Upper Arlington
21113|United States|Maryland|Odenton
44512|United States|Ohio|Boardman
43402|United States|Ohio|Bowling Green
26554|United States|West Virginia|Fairmont
24153|United States|Virginia|Salem
70056|United States|Louisiana|Terrytown
22102|United States|Virginia|Tysons Corner
37664|United States|Tennessee|Kingsport
37918|United States|Tennessee|Knoxville
37087|United States|Tennessee|Lebanon
70802|United States|Louisiana|Baton Rouge
28227|United States|North Carolina|Mint Hill
37804|United States|Tennessee|Maryville
33772|United States|Florida|Seminole
30297|United States|Georgia|Forest Park
28204|United States|North Carolina|Charlotte
33181|United States|Florida|Miami
33132|United States|Florida|Miami
37814|United States|Tennessee|Morristown
28001|United States|North Carolina|Albemarle
30318|United States|Georgia|Atlanta
37130|United States|Tennessee|Murfreesboro
42104|United States|Kentucky|Bowling Green
41011|United States|Kentucky|Covington
37922|United States|Tennessee|Farragut
22025|United States|Virginia|Montclair
39701|United States|Mississippi|Columbus
37211|United States|Tennessee|Nashville
24281|United States|Virginia|Rose Hill
41042|United States|Kentucky|Florence
40324|United States|Kentucky|Georgetown
29915|United States|South Carolina|Hilton Head Island
32168|United States|Florida|New Smyrna Beach
37167|United States|Tennessee|Smyrna
37174|United States|Tennessee|Spring Hill
71854|United States|Arkansas|Texarkana
42420|United States|Kentucky|Henderson
72143|United States|Arkansas|Searcy
72022|United States|Arkansas|Bryant
27502|United States|North Carolina|Apex
28806|United States|North Carolina|Asheville
27511|United States|North Carolina|Cary
33430|United States|Florida|Belle Glade
32701|United States|Florida|Altamonte Springs
35756|United States|Alabama|Madison
34142|United States|Florida|Immokalee
36830|United States|Alabama|Auburn
40422|United States|Kentucky|Danville
33433|United States|Florida|Boca Raton
33511|United States|Florida|Brandon
33055|United States|Florida|Carol City
33063|United States|Florida|Coconut Creek
32707|United States|Florida|Casselberry
22304|United States|Virginia|Alexandria
29687|United States|South Carolina|Taylors
33134|United States|Florida|Coral Gables
33065|United States|Florida|Coral Springs
35211|United States|Alabama|Birmingham
35601|United States|Alabama|Decatur
27288|United States|North Carolina|Eden
32137|United States|Florida|Palm Coast
39530|United States|Mississippi|Biloxi
39056|United States|Mississippi|Clinton
38701|United States|Mississippi|Greenville
39503|United States|Mississippi|Gulfport
22003|United States|Virginia|Annandale
24060|United States|Virginia|Blacksburg
28314|United States|North Carolina|Fayetteville
37743|United States|Tennessee|Greeneville
39401|United States|Mississippi|Hattiesburg
38637|United States|Mississippi|Horn Lake
39212|United States|Mississippi|Jackson
27203|United States|North Carolina|Asheboro
22015|United States|Virginia|Burke
22901|United States|Virginia|Charlottesville
20190|United States|Virginia|Reston
71901|United States|Arkansas|Hot Springs
39301|United States|Mississippi|Meridian
30062|United States|Georgia|Marietta
30907|United States|Georgia|Martinez
30265|United States|Georgia|Newnan
27529|United States|North Carolina|Garner
35473|United States|Alabama|Northport
72401|United States|Arkansas|Jonesboro
28052|United States|North Carolina|Gastonia
27534|United States|North Carolina|Goldsboro
30305|United States|Georgia|Atlanta
34698|United States|Florida|Dunedin
30188|United States|Georgia|Woodstock
38654|United States|Mississippi|Olive Branch
39208|United States|Mississippi|Pearl
36330|United States|Alabama|Enterprise
33403|United States|Florida|Palm Beach Gardens
23320|United States|Virginia|Chesapeake
30269|United States|Georgia|Peachtree City
72209|United States|Arkansas|Little Rock
72113|United States|Arkansas|North Little Rock
72450|United States|Arkansas|Paragould
71603|United States|Arkansas|Pine Bluff
29611|United States|South Carolina|Greenville
29651|United States|South Carolina|Greer
33916|United States|Florida|Miami
38801|United States|Mississippi|Tupelo
72756|United States|Arkansas|Rogers
22801|United States|Virginia|Harrisonburg
28601|United States|North Carolina|Hickory
27260|United States|North Carolina|High Point
23111|United States|Virginia|Mechanicsville
23602|United States|Virginia|Newport News
28079|United States|North Carolina|Indian Trail
41075|United States|Kentucky|Fort Thomas
29464|United States|South Carolina|Mount Pleasant
29577|United States|South Carolina|Myrtle Beach
23518|United States|Virginia|Norfolk
22124|United States|Virginia|Oakton
72116|United States|Arkansas|Sherwood
72301|United States|Arkansas|West Memphis
33407|United States|Florida|West Palm Beach
20151|United States|Virginia|Fairfax
33311|United States|Florida|Fort Lauderdale
42301|United States|Kentucky|Owensboro
28560|United States|North Carolina|New Bern
30337|United States|Georgia|College Park
34787|United States|Florida|Winter Garden
33801|United States|Florida|Lakeland
42003|United States|Kentucky|Paducah
27604|United States|North Carolina|Raleigh
27801|United States|North Carolina|Rocky Mount
30161|United States|Georgia|Rome
34639|United States|Florida|Land O Lakes
29662|United States|South Carolina|Mauldin
29730|United States|South Carolina|Rock Hill
29301|United States|South Carolina|Spartanburg
29483|United States|South Carolina|Summerville
32404|United States|Florida|Panama City
33971|United States|Florida|Lehigh Acres
40258|United States|Kentucky|Pleasure Ridge Park
33917|United States|Florida|Fort Myers
32259|United States|Florida|Fruit Cove
33024|United States|Florida|Pembroke Pines
30076|United States|Georgia|Roswell
30328|United States|Georgia|Sandy Springs
31401|United States|Georgia|Savannah
23805|United States|Virginia|Petersburg
23701|United States|Virginia|Portsmouth
23223|United States|Virginia|Richmond
32935|United States|Florida|Melbourne
32953|United States|Florida|Merritt Island
33142|United States|Florida|Miami
35244|United States|Alabama|Hoover
36608|United States|Alabama|Mobile
71111|United States|Louisiana|Bossier City
28144|United States|North Carolina|Salisbury
70506|United States|Louisiana|Lafayette
33881|United States|Florida|Winter Haven
30458|United States|Georgia|Statesboro
30084|United States|Georgia|Tucker
72023|United States|Arkansas|Cabot
70601|United States|Louisiana|Lake Charles
32789|United States|Florida|Winter Park
32708|United States|Florida|Winter Springs
22153|United States|Virginia|Springfield
23464|United States|Virginia|Virginia Beach
36801|United States|Alabama|Opelika
36869|United States|Alabama|Phenix City
30605|United States|Georgia|Athens
38134|United States|Tennessee|Bartlett
37027|United States|Tennessee|Brentwood
22601|United States|Virginia|Winchester
33952|United States|Florida|Port Charlotte
35401|United States|Alabama|Tuscaloosa
35216|United States|Alabama|Vestavia Hills
32503|United States|Florida|Pensacola
30721|United States|Georgia|Dalton
37421|United States|Tennessee|Chattanooga
37042|United States|Tennessee|Clarksville
22980|United States|Virginia|Waynesboro
30338|United States|Georgia|Dunwoody
30344|United States|Georgia|East Point
28403|United States|North Carolina|Wilmington
27893|United States|North Carolina|Wilson
70003|United States|Louisiana|Metairie
37311|United States|Tennessee|Cleveland
33161|United States|Florida|North Miami
38017|United States|Tennessee|Collierville
38401|United States|Tennessee|Columbia
32601|United States|Florida|Gainesville
33012|United States|Florida|Hialeah
33160|United States|Florida|North Miami Beach
28206|United States|North Carolina|Charlotte
29418|United States|South Carolina|Charleston
72956|United States|Arkansas|Van Buren
33021|United States|Florida|Hollywood
42071|United States|Kentucky|Murray
34287|United States|Florida|North Port
33334|United States|Florida|Oakland Park
70560|United States|Louisiana|New Iberia
32839|United States|Florida|Orlando
70117|United States|Louisiana|New Orleans
71109|United States|Louisiana|Shreveport
33710|United States|Florida|Saint Petersburg
32771|United States|Florida|Sanford
32004|United States|Florida|Ponte Vedra Beach
32127|United States|Florida|Port Orange
34952|United States|Florida|Port Saint Lucie
32216|United States|Florida|Jacksonville
33458|United States|Florida|Jupiter
33569|United States|Florida|Riverview
34609|United States|Florida|Spring Hill
33322|United States|Florida|Sunrise
32303|United States|Florida|Tallahassee
37066|United States|Tennessee|Gallatin
38138|United States|Tennessee|Germantown
37075|United States|Tennessee|Hendersonville
70458|United States|Louisiana|Slidell
33319|United States|Florida|Tamarac
29203|United States|South Carolina|Columbia
33156|United States|Florida|Kendall
34741|United States|Florida|Kissimmee
20170|United States|Virginia|Herndon
33461|United States|Florida|Lake Worth
38301|United States|Tennessee|Jackson
32174|United States|Florida|Ormond Beach
33614|United States|Florida|Tampa
32780|United States|Florida|Titusville
33411|United States|Florida|Royal Palm Beach
30144|United States|Georgia|Kennesaw
30240|United States|Georgia|La Grange
31204|United States|Georgia|Macon
98221|United States|Washington|Anacortes
91776|United States|California|San Gabriel
59601|United States|Montana|Helena
59801|United States|Montana|Missoula
92677|United States|California|Laguna Niguel
90712|United States|California|Lakewood
97526|United States|Oregon|Grants Pass
97030|United States|Oregon|Gresham
98052|United States|Washington|Redmond
98373|United States|Washington|Puyallup
94559|United States|California|Napa
95687|United States|California|Vacaville
94591|United States|California|Vallejo
97035|United States|Oregon|Lake Oswego
97128|United States|Oregon|Mcminnville
98103|United States|Washington|Seattle
84041|United States|Utah|Layton
94952|United States|California|Petaluma
80525|United States|Colorado|Fort Collins
99352|United States|Washington|Richland
94122|United States|California|San Francisco
84043|United States|Utah|Lehi
84107|United States|Utah|Murray
80027|United States|Colorado|Louisville
80817|United States|Colorado|Fountain
81503|United States|Colorado|Grand Junction
80126|United States|Colorado|Highlands Ranch
87505|United States|New Mexico|Santa Fe
86001|United States|Arizona|Flagstaff
85234|United States|Arizona|Gilbert
80538|United States|Colorado|Loveland
98115|United States|Washington|Seattle
91945|United States|California|Lemon Grove
97504|United States|Oregon|Medford
85301|United States|Arizona|Glendale
86401|United States|Arizona|Kingman
94601|United States|California|Oakland
89701|United States|Nevada|Carson City
94024|United States|California|Los Altos
93635|United States|California|Los Banos
95032|United States|California|Los Gatos
90069|United States|California|West Hollywood
93727|United States|California|Fresno
98158|United States|Washington|Seatac
95336|United States|California|Manteca
97756|United States|Oregon|Redmond
85204|United States|Arizona|Mesa
88201|United States|New Mexico|Roswell
90008|United States|California|Los Angeles
84062|United States|Utah|Pleasant Grove
84604|United States|Utah|Provo
89015|United States|Nevada|Henderson
91767|United States|California|Pomona
81001|United States|Colorado|Pueblo
90045|United States|California|Los Angeles
81007|United States|Colorado|Pueblo West
95051|United States|California|Santa Clara
95062|United States|California|Santa Cruz
93454|United States|California|Santa Maria
98119|United States|Washington|Seattle
89115|United States|Nevada|Las Vegas
91730|United States|California|Rancho Cucamonga
98387|United States|Washington|Spanaway
99207|United States|Washington|Spokane
98408|United States|Washington|Tacoma
80229|United States|Colorado|Thornton
98105|United States|Washington|Seattle
90041|United States|California|Los Angeles
95404|United States|California|Santa Rosa
89041|United States|Nevada|Pahrump
85737|United States|Arizona|Oro Valley
85345|United States|Arizona|Peoria
86301|United States|Arizona|Prescott
86314|United States|Arizona|Prescott Valley
97062|United States|Oregon|Tualatin
98661|United States|Washington|Vancouver
97068|United States|Oregon|West Linn
90604|United States|California|Whittier
92691|United States|California|Mission Viejo
84067|United States|Utah|Roy
99362|United States|Washington|Walla Walla
80033|United States|Colorado|Wheat Ridge
95020|United States|California|Gilroy
93117|United States|California|Goleta
91745|United States|California|Hacienda Heights
92345|United States|California|Hesperia
89502|United States|Nevada|Reno
84106|United States|Utah|Salt Lake City
85254|United States|Arizona|Scottsdale
96003|United States|California|Redding
92374|United States|California|Redlands
90278|United States|California|Redondo Beach
95070|United States|California|Saratoga
90049|United States|California|Los Angeles
94061|United States|California|Redwood City
92503|United States|California|Riverside
93030|United States|California|Oxnard
95695|United States|California|Woodland
95991|United States|California|Yuba City
90004|United States|California|Los Angeles
85374|United States|Arizona|Surprise
92399|United States|California|Yucaipa
80004|United States|Colorado|Arvada
85705|United States|Arizona|Tucson
92592|United States|California|Temecula
95661|United States|California|Roseville
90640|United States|California|Montebello
84660|United States|Utah|Spanish Fork
84663|United States|Utah|Springville
92646|United States|California|Huntington Beach
80013|United States|Colorado|Aurora
80020|United States|Colorado|Broomfield
91941|United States|California|La Mesa
84074|United States|Utah|Tooele
84084|United States|Utah|West Jordan
84120|United States|Utah|West Valley City
97420|United States|Oregon|Coos Bay
90058|United States|California|Los Angeles
80906|United States|Colorado|Colorado Springs
80022|United States|Colorado|Commerce City
95207|United States|California|Stockton
94025|United States|California|Menlo Park
94086|United States|California|Sunnyvale
92553|United States|California|Moreno Valley
94043|United States|California|Mountain View
80112|United States|Colorado|Englewood
96150|United States|California|South Lake Tahoe
84015|United States|Utah|Clearfield
95823|United States|California|Sacramento
93905|United States|California|Salinas
91360|United States|California|Thousand Oaks
92653|United States|California|Laguna Hills
92037|United States|California|San Diego
83843|United States|Idaho|Moscow
90503|United States|California|Torrance
94070|United States|California|San Carlos
92672|United States|California|San Clemente
94110|United States|California|San Francisco
92008|United States|California|Carlsbad
88310|United States|New Mexico|Alamogordo
84020|United States|Utah|Draper
59715|United States|Montana|Bozeman
59750|United States|Montana|Butte
80122|United States|Colorado|Littleton
84117|United States|Utah|Holladay
84118|United States|Utah|Kearns
81301|United States|Colorado|Durango
87105|United States|New Mexico|Albuquerque
95928|United States|California|Chico
88101|United States|New Mexico|Clovis
91104|United States|California|Pasadena
88240|United States|New Mexico|Hobbs
92236|United States|California|Coachella
82901|United States|Wyoming|Rock Springs
88001|United States|New Mexico|Las Cruces
94521|United States|California|Concord
92627|United States|California|Costa Mesa
92024|United States|California|San Diego
92307|United States|California|Apple Valley
93422|United States|California|Atascadero
90068|United States|California|Los Angeles
95616|United States|California|Davis
83704|United States|Idaho|Boise
93309|United States|California|Bakersfield
86442|United States|Arizona|Bullhead City
98226|United States|Washington|Bellingham
83605|United States|Idaho|Caldwell
85224|United States|Arizona|Chandler
94568|United States|California|Dublin
97071|United States|Oregon|Woodburn
90022|United States|California|East Los Angeles
89031|United States|Nevada|North Las Vegas
83701|United States|Idaho|Boise
92243|United States|California|El Centro
98198|United States|Washington|Des Moines
98026|United States|Washington|Edmonds
98107|United States|Washington|Seattle
95630|United States|California|El Dorado Hills
83814|United States|Idaho|Coeur D Alene
83402|United States|Idaho|Idaho Falls
94704|United States|California|Berkeley
98034|United States|Washington|Kirkland
98503|United States|Washington|Lacey
90061|United States|California|Los Angeles
83854|United States|Idaho|Post Falls
83440|United States|Idaho|Rexburg
92277|United States|California|Twentynine Palms
94109|United States|California|San Francisco
83301|United States|Idaho|Twin Falls
90210|United States|California|Beverly Hills
97330|United States|Oregon|Corvallis
98632|United States|Washington|Longview
98037|United States|Washington|Lynnwood
95501|United States|California|Eureka
98273|United States|Washington|Mount Vernon
95746|United States|California|Granite Bay
85335|United States|Arizona|El Mirage
97060|United States|Oregon|Troutdale
98444|United States|Washington|Parkland
99301|United States|Washington|Pasco
92231|United States|California|Calexico
93010|United States|California|Camarillo
83616|United States|Idaho|Eagle
94533|United States|California|Fairfield
99163|United States|Washington|Pullman
82001|United States|Wyoming|Cheyenne
