Product Name|Product Container|Product Sub-Category
Howard Miller 12-3/4 Diameter Accuwave DS ™ Wall Clock|Small Box|1
Newell 321|Wrap Bag|17
Newell 351|Wrap Bag|17
OIC Colored Binder Clips, Assorted Sizes|Wrap Bag|6
Xerox 193|Small Box|5
Snap-A-Way® Black Print Carbonless Speed Message, No Reply Area, Duplicate|Wrap Bag|5
Office Star - Mid Back Dual function Ergonomic High Back Chair with 2-Way Adjustable Arms|Jumbo Drum|2
Belkin 107-key enhanced keyboard, USB/PS/2 interface|Small Box|12
5185|Small Box|13
Eldon Regeneration Recycled Desk Accessories, Smoke|Small Pack|1
"#10-4 1/8"" x 9 1/2"" Premium Diagonal Seam Envelopes"|Small Box|7
Tenex B1-RE Series Chair Mats for Low Pile Carpets|Wrap Bag|1
Global Ergonomic Managers Chair|Jumbo Drum|2
Riverleaf Stik-Withit® Designer Note Cubes®|Wrap Bag|5
Newell 323|Wrap Bag|17
Avery Arch Ring Binders|Small Box|9
APC 7 Outlet Network SurgeArrest Surge Protector|Small Box|16
Durable Pressboard Binders|Small Box|9
Fellowes 17-key keypad for PS/2 interface|Small Box|12
StarTAC ST7762|Small Box|13
Fellowes Super Stor/Drawer® Files|Small Box|11
Xerox 1933|Small Box|5
"Imation 3.5"" Unformatted DS/HD Diskettes, 10/Box"|Small Pack|12
Fellowes Black Plastic Comb Bindings|Small Box|9
Eldon Expressions™ Desk Accessory, Wood Pencil Holder, Oak|Small Box|1
Sanyo 2.5 Cubic Foot Mid-Size Office Refrigerators|Jumbo Drum|16
Lock-Up Easel 'Spel-Binder'|Small Box|9
Memorex 4.7GB DVD+R, 3/Pack|Small Pack|12
Eldon Spacemaker® Box, Quick-Snap Lid, Clear|Wrap Bag|17
DIXON Oriole® Pencils|Wrap Bag|17
StarTAC Series|Small Box|13
Keytronic 105-Key Spanish Keyboard|Small Box|12
Xerox 214|Small Box|5
Tennsco Commercial Shelving|Large Box|11
ACCOHIDE® Binder by Acco|Small Box|9
O'Sullivan Elevations Bookcase, Cherry Finish|Jumbo Box|3
Memorex 4.7GB DVD+RW, 3/Pack|Small Pack|12
MicroTAC 650|Small Box|13
High Speed Automatic Electric Letter Opener|Medium Box|8
Bell Sonecor JB700 Caller ID|Medium Box|13
O'Sullivan Living Dimensions 3-Shelf Bookcases|Jumbo Box|3
Xerox 1971|Small Box|5
Accessory4|Wrap Bag|13
3M Office Air Cleaner|Medium Box|16
Deluxe Rollaway Locking File with Drawer|Small Box|11
GBC Instant Index™ System for Binding Systems|Small Box|9
Xerox 4200 Series MultiUse Premium Copy Paper (20Lb. and 84 Bright)|Small Box|5
T18|Small Box|13
Fellowes EZ Multi-Media Keyboard|Small Box|12
Telescoping Adjustable Floor Lamp|Large Box|1
Binding Machine Supplies|Small Box|9
Master Giant Foot® Doorstop, Safety Yellow|Wrap Bag|1
14-7/8 x 11 Blue Bar Computer Printout Paper|Small Box|5
Newell 333|Wrap Bag|17
Office Star - Contemporary Task Swivel chair with 2-way adjustable arms, Plum|Jumbo Drum|2
2160i|Small Box|13
Staples 6 Outlet Surge|Small Box|16
Cardinal Poly Pocket Divider Pockets for Ring Binders|Small Box|9
Canon PC1060 Personal Laser Copier|Large Box|15
Nu-Dell Executive Frame|Small Pack|1
GBC Recycled Regency Composition Covers|Small Box|9
Accessory29|Small Pack|13
Soundgear Copyboard Conference Phone, Optional Battery|Medium Box|14
BoxOffice By Design Rectangular and Half-Moon Meeting Room Tables|Jumbo Box|4
Sharp 1540cs Digital Laser Copier|Jumbo Drum|15
2160|Small Box|13
White GlueTop Scratch Pads|Wrap Bag|5
"ACCOHIDE® 3-Ring Binder, Blue, 1"""|Small Box|9
Avery 4027 File Folder Labels for Dot Matrix Printers, 5000 Labels per Box, White|Small Box|10
9-3/4 Diameter Round Wall Clock|Small Box|1
80 Minute CD-R Spindle, 100/Pack - Staples|Small Pack|12
3M Hangers With Command Adhesive|Wrap Bag|1
Adams Telephone Message Book w/Frequently-Called Numbers Space, 400 Messages per Book|Wrap Bag|5
Bretford “Just In Time” Height-Adjustable Multi-Task Work Tables|Jumbo Box|4
Xerox 1976|Small Box|5
Coloredge Poster Frame|Wrap Bag|1
Eldon® Wave Desk Accessories|Small Box|1
Sauder Facets Collection Locker/File Cabinet, Sky Alder Finish|Jumbo Drum|11
"Howard Miller 13-3/4"" Diameter Brushed Chrome Round Wall Clock"|Small Box|1
"Executive Impressions 13"" Chairman Wall Clock"|Small Pack|1
Staples Bulldog Clip|Wrap Bag|6
"Executive Impressions 14"" Two-Color Numerals Wall Clock"|Small Pack|1
Newell® 3-Hole Punched Plastic Slotted Magazine Holders for Binders|Small Box|9
Avery 498|Small Box|10
Xerox 1891|Small Box|5
Sanford Colorific Colored Pencils, 12/Box|Wrap Bag|17
R380|Small Box|13
"Executive Impressions 12"" Wall Clock"|Small Pack|1
Tennsco Snap-Together Open Shelving Units, Starter Sets and Add-On Units|Large Box|11
Avery® Durable Slant Ring Binders With Label Holder|Small Box|9
BASF Silver 74 Minute CD-R|Small Pack|12
Imation Neon Mac Format Diskettes, 10/Pack|Small Pack|12
Deflect-o EconoMat Nonstudded, No Bevel Mat|Medium Box|1
Keytronic Designer 104- Key Black Keyboard|Small Box|12
2180|Small Box|13
Holmes Replacement Filter for HEPA Air Cleaner, Large Room|Small Box|16
Eldon Expressions Punched Metal & Wood Desk Accessories, Pewter & Cherry|Small Box|1
Prang Drawing Pencil Set|Wrap Bag|17
Array® Parchment Paper, Assorted Colors|Small Box|5
Accessory39|Small Pack|13
Memorex 4.7GB DVD-RAM, 3/Pack|Small Pack|12
Xerox 1993|Small Box|5
Avery Printable Repositionable Plastic Tabs|Small Box|9
Holmes Odor Grabber|Medium Box|16
Adams Phone Message Book, Professional, 400 Message Capacity, 5 3/6” x 11”|Wrap Bag|5
Xerox 1985|Small Box|5
Deflect-o SuperTray™ Unbreakable Stackable Tray, Letter, Black|Small Box|1
"Carina 42""Hx23 3/4""W Media Storage Unit"|Large Box|11
Xerox 224|Small Box|5
SAFCO PlanMaster Heigh-Adjustable Drafting Table Base, 43w x 30d x 30-37h, Black|Jumbo Drum|4
Global Stack Chair without Arms, Black|Jumbo Drum|2
Metal Folding Chairs, Beige, 4/Carton|Jumbo Drum|2
232|Small Box|13
Document Clip Frames|Wrap Bag|1
Newell 337|Wrap Bag|17
DS/HD IBM Formatted Diskettes, 200/Pack - Staples|Small Pack|12
Office Star - Professional Matrix Back Chair with 2-to-1 Synchro Tilt and Mesh Fabric Seat|Jumbo Drum|2
"Avery Trapezoid Ring Binder, 3"" Capacity, Black, 1040 sheets"|Small Box|9
Epson DFX5000+ Dot Matrix Printer|Jumbo Drum|14
Xerox 1910|Small Box|5
Newell 320|Wrap Bag|17
Self-Adhesive Address Labels for Typewriters by Universal|Small Box|10
Turquoise Lead Holder with Pocket Clip|Wrap Bag|17
Panasonic KX-P1150 Dot Matrix Printer|Jumbo Drum|14
Newell 343|Wrap Bag|17
"Staples Wirebound Steno Books, 6"" x 9"", 12/Pack"|Wrap Bag|5
Xerox 1893|Small Box|5
Panasonic KX-P3626 Dot Matrix Printer|Jumbo Box|14
Ampad #10 Peel & Seel® Holiday Envelopes|Small Box|7
"GBC Pre-Punched Binding Paper, Plastic, White, 8-1/2"" x 11"""|Small Box|9
Xerox 1982|Small Box|5
Boston 16701 Slimline Battery Pencil Sharpener|Small Pack|17
"Executive Impressions 13"" Clairmont Wall Clock"|Small Pack|1
"Acme Hot Forged Carbon Steel Scissors with Nickel-Plated Handles, 3 7/8"" Cut, 8""L"|Small Pack|8
Accessory36|Small Pack|13
Sanyo Counter Height Refrigerator with Crisper, 3.6 Cubic Foot, Stainless Steel/Black|Jumbo Drum|16
"Telephone Message Books with Fax/Mobile Section, 5 1/2"" x 3 3/16"""|Wrap Bag|5
Acme® Forged Steel Scissors with Black Enamel Handles|Small Pack|8
Hon Olson Stacker Stools|Large Box|2
GBC Wire Binding Strips|Small Box|9
Talkabout T8367|Small Box|13
Westinghouse Clip-On Gooseneck Lamps|Large Box|1
Eureka Disposable Bags for Sanitaire® Vibra Groomer I® Upright Vac|Small Box|16
Plymouth Boxed Rubber Bands by Plymouth|Wrap Bag|6
Important Message Pads, 50 4-1/4 x 5-1/2 Forms per Pad|Wrap Bag|5
"#10- 4 1/8"" x 9 1/2"" Security-Tint Envelopes"|Small Box|7
C-Line Peel & Stick Add-On Filing Pockets, 8-3/4 x 5-1/8, 10/Pack|Small Box|9
Canon Imageclass D680 Copier / Fax|Large Box|15
Logitech Internet Navigator Keyboard|Small Box|12
Xerox 1897|Small Box|5
Epson LQ-570e Dot Matrix Printer|Jumbo Drum|14
Hoover WindTunnel™ Plus Canister Vacuum|Small Box|16
Xerox 1939|Small Box|5
Avery 497|Small Box|10
"Pressboard Covers with Storage Hooks, 9 1/2"" x 11"", Light Blue"|Small Box|9
Canon imageCLASS 2200 Advanced Copier|Large Box|15
Verbatim DVD-RAM, 5.2GB, Rewritable, Type 1, DS|Small Pack|12
Southworth 25% Cotton Antique Laid Paper & Envelopes|Small Box|5
Newell 312|Wrap Bag|17
"Imation 3.5"", DISKETTE 44766 HGHLD3.52HD/FM, 10/Pack"|Small Pack|12
GBC VeloBinder Electric Binding Machine|Small Box|9
Adesso Programmable 142-Key Keyboard|Small Box|12
US Robotics 56K V.92 External Faxmodem|Small Box|12
i470|Small Box|13
SAFCO Folding Chair Trolley|Medium Box|2
Eldon® Expressions™ Wood Desk Accessories, Oak|Small Box|1
Polycom VoiceStation 100|Medium Box|14
Phone 918|Small Box|13
Avery Flip-Chart Easel Binder, Black|Small Box|9
G.E. Halogen Desk Lamp Bulbs|Small Pack|1
Avery Binder Labels|Small Box|9
Hon Every-Day® Chair Series Swivel Task Chairs|Jumbo Drum|2
"IBM Multi-Purpose Copy Paper, 8 1/2 x 11"", Case"|Small Box|5
Bionaire Personal Warm Mist Humidifier/Vaporizer|Medium Box|16
Sauder Forest Hills Library, Woodland Oak Finish|Jumbo Box|3
Bush Advantage Collection® Round Conference Table|Jumbo Box|4
Economy Binders|Small Box|9
Carina Double Wide Media Storage Towers in Natural & Black|Large Box|11
Advantus Map Pennant Flags and Round Head Tacks|Wrap Bag|6
Xerox 1928|Small Box|5
"Wilson Jones Ledger-Size, Piano-Hinge Binder, 2"", Blue"|Small Box|9
Okidata ML390 Turbo Dot Matrix Printers|Jumbo Drum|14
Safco Contoured Stacking Chairs|Large Box|2
Canon PC-428 Personal Copier|Large Box|15
Canon MP41DH Printing Calculator|Medium Box|14
Fellowes High-Stak® Drawer Files|Small Box|11
Accessory24|Small Pack|13
Avery 491|Small Box|10
Avery White Multi-Purpose Labels|Small Box|10
Timeport L7089|Small Box|13
Epson C62 Color Inkjet Printer|Jumbo Box|14
Nu-Dell Leatherette Frames|Small Pack|1
Xerox 1894|Small Box|5
Accessory20|Small Pack|13
Keytronic French Keyboard|Small Box|12
Presstex Flexible Ring Binders|Small Box|9
"Staples #10 Laser & Inkjet Envelopes, 4 1/8"" x 9 1/2"", 100/Box"|Small Box|7
*Staples* Highlighting Markers|Wrap Bag|17
Bevis 36 x 72 Conference Tables|Jumbo Box|4
i2000|Small Box|13
"Manila Recycled Extra-Heavyweight Clasp Envelopes, 6"" x 9"""|Small Box|7
Global Leather and Oak Executive Chair, Black|Jumbo Drum|2
Tennsco Lockers, Sand|Jumbo Drum|11
Kensington 7 Outlet MasterPiece Power Center|Small Box|16
"Howard Miller 13"" Diameter Goldtone Round Wall Clock"|Small Box|1
GBC Binding covers|Small Box|9
5180|Small Box|13
"Recycled Desk Saver Line ""While You Were Out"" Book, 5 1/2"" X 4"""|Wrap Bag|5
Fellowes Staxonsteel® Drawer Files|Small Box|11
Ibico Covers for Plastic or Wire Binding Elements|Small Box|9
Hanging Personal Folder File|Small Box|11
Tennsco Double-Tier Lockers|Jumbo Drum|11
Epson C82 Color Inkjet Printer|Jumbo Drum|14
Avery Legal 4-Ring Binder|Small Box|9
Global High-Back Leather Tilter, Burgundy|Jumbo Drum|2
"Maxell 3.5"" DS/HD IBM-Formatted Diskettes, 10/Pack"|Small Pack|12
Canon Image Class D660 Copier|Large Box|15
Staples 1 Part Blank Computer Paper|Small Box|5
Advantus Panel Wall Certificate Holder - 8.5x11|Small Pack|1
Avery Durable Poly Binders|Small Box|9
Martin-Yale Premier Letter Opener|Wrap Bag|8
GBC Prepunched Paper, 19-Hole, for Binding Systems, 24-lb|Small Box|9
Recycled Eldon Regeneration Jumbo File|Small Box|11
"Tenex Contemporary Contur Chairmats for Low and Medium Pile Carpet, Computer, 39"" x 49"""|Medium Box|1
"Acme® 8"" Straight Scissors"|Small Pack|8
Eldon® 200 Class™ Desk Accessories|Small Box|1
Staples Copy Paper (20Lb. and 84 Bright)|Small Box|5
Tennsco Industrial Shelving|Large Box|11
"Acme Design Line 8"" Stainless Steel Bent Scissors w/Champagne Handles, 3-1/8"" Cut"|Small Pack|8
Accessory28|Small Pack|13
Avery 05222 Permanent Self-Adhesive File Folder Labels for Typewriters, on Rolls, White, 250/Roll|Small Box|10
"Tenex Traditional Chairmats for Medium Pile Carpet, Standard Lip, 36"" x 48"""|Medium Box|1
Avery Binding System Hidden Tab™ Executive Style Index Sets|Small Box|9
Euro Pro Shark Stick Mini Vacuum|Large Box|16
Xerox 1978|Small Box|5
Wirebound Message Book, 4 per Page|Wrap Bag|5
Sharp EL500L Fraction Calculator|Medium Box|14
Riverside Palais Royal Lawyers Bookcase, Royale Cherry Finish|Jumbo Box|3
Staples Battery-Operated Desktop Pencil Sharpener|Small Pack|17
Canon P1-DHIII Palm Printing Calculator|Medium Box|14
Xerox 1896|Small Box|5
Gould Plastics 9-Pocket Panel Bin, 18-3/8w x 5-1/4d x 20-1/2h, Black|Small Box|11
"Wirebound Message Books, Four 2 3/4"" x 5"" Forms per Page, 600 Sets per Book"|Wrap Bag|5
Newell 315|Wrap Bag|17
Bush Westfield Collection Bookcases, Dark Cherry Finish, Fully Assembled|Jumbo Box|3
Accessory34|Wrap Bag|13
Xerox 1983|Small Box|5
"Wilson Jones Hanging View Binder, White, 1"""|Small Box|9
Fellowes Basic 104-Key Keyboard, Platinum|Small Box|12
Ibico Recycled Linen-Style Covers|Small Box|9
Self-Adhesive Ring Binder Labels|Small Box|9
Tenex File Box, Personal Filing Tote with Lid, Black|Small Box|11
Quality Park Security Envelopes|Small Box|7
Office Star - Ergonomic Mid Back Chair with 2-Way Adjustable Arms|Jumbo Drum|2
Belkin F9M820V08 8 Outlet Surge|Small Box|16
Bravo II™ Megaboss® 12-Amp Hard Body Upright, Replacement Belts, 2 Belts per Pack|Large Box|16
"Rubbermaid ClusterMat Chairmats, Mat Size- 66"" x 60"", Lip 20"" x 11"" -90 Degree Angle"|Medium Box|1
Micro Innovations Media Access Pro Keyboard|Small Box|12
Xerox 1937|Small Box|5
Xerox 1986|Small Box|5
Honeywell Quietcare HEPA Air Cleaner|Medium Box|16
Kensington 6 Outlet Guardian Standard Surge Protector|Small Box|16
#10 White Business Envelopes,4 1/8 x 9 1/2|Small Box|7
Hon Metal Bookcases, Putty|Jumbo Box|3
Newell 309|Wrap Bag|17
Eldon Jumbo ProFile™ Portable File Boxes Graphite/Black|Small Box|11
Avery 493|Small Box|10
Xerox 220|Small Box|5
Canon BP1200DH 12-Digit Bubble Jet Printing Calculator|Medium Box|14
688|Small Box|13
Xerox 1908|Small Box|5
Xerox 199|Small Box|5
Bretford Rectangular Conference Table Tops|Jumbo Box|4
Bush Advantage Collection® Racetrack Conference Table|Jumbo Box|4
T28 WORLD|Small Box|13
Atlantic Metals Mobile 2-Shelf Bookcases, Custom Colors|Jumbo Box|3
Accessory41|Wrap Bag|13
Imation 5.2GB DVD-RAM|Small Pack|12
Avery 481|Small Box|10
i500plus|Small Box|13
"Speediset Carbonless Redi-Letter® 7"" x 8 1/2"""|Wrap Bag|5
Atlantic Metals Mobile 3-Shelf Bookcases, Custom Colors|Jumbo Box|3
Ultra Door Pull Handle|Small Pack|1
Xerox 1920|Small Box|5
Hon 4070 Series Pagoda™ Armless Upholstered Stacking Chairs|Jumbo Drum|2
Okidata ML320 Series Turbo Dot Matrix Printers|Jumbo Box|14
Xerox 1994|Small Box|5
Hon Pagoda™ Stacking Chairs|Large Box|2
StarTAC 6500|Small Box|13
Xerox 1974|Small Box|5
Bush Mission Pointe Library|Jumbo Box|3
Fellowes Internet Keyboard, Platinum|Small Box|12
Epson DFX-8500 Dot Matrix Printer|Jumbo Drum|14
Hon Deluxe Fabric Upholstered Stacking Chairs, Rounded Back|Jumbo Drum|2
Binder Posts|Small Box|9
Eldon Cleatmat® Chair Mats for Medium Pile Carpets|Medium Box|1
Advantus Employee of the Month Certificate Frame, 11 x 13-1/2|Small Pack|1
Panasonic KX-P3200 Dot Matrix Printer|Jumbo Drum|14
Hon 94000 Series Round Tables|Jumbo Box|4
Xerox 1979|Small Box|5
Brown Kraft Recycled Envelopes|Small Box|7
Stanley Bostitch Contemporary Electric Pencil Sharpeners|Small Pack|17
282|Small Box|13
Tensor Computer Mounted Lamp|Large Box|1
Avery 51|Small Box|10
Rediform S.O.S. Phone Message Books|Wrap Bag|5
3285|Small Box|13
Kensington 7 Outlet MasterPiece Power Center with Fax/Phone Line Protection|Small Box|16
"Acco Four Pocket Poly Ring Binder with Label Holder, Smoke, 1"""|Small Box|9
Xerox 213|Small Box|5
Holmes Replacement Filter for HEPA Air Cleaner, Medium Room|Medium Box|16
Acme Galleria® Hot Forged Steel Scissors with Colored Handles|Small Pack|8
Belkin 325VA UPS Surge Protector, 6'|Small Box|16
Westinghouse Floor Lamp with Metal Mesh Shade, Black|Jumbo Drum|1
V70|Small Box|13
Xerox 1903|Small Box|5
Harmony HEPA Quiet Air Purifiers|Medium Box|16
Holmes HEPA Air Purifier|Medium Box|16
Logitech Cordless Navigator Duo|Small Box|12
Tyvek® Side-Opening Peel & Seel® Expanding Envelopes|Small Box|7
Newell 318|Wrap Bag|17
Rubber Band Ball|Wrap Bag|6
Peel & Seel® Recycled Catalog Envelopes, Brown|Small Box|7
Newell 310|Wrap Bag|17
GBC Therma-A-Bind 250T Electric Binding System|Small Box|9
Avery Hi-Liter® Fluorescent Desk Style Markers|Wrap Bag|17
Holmes Replacement Filter for HEPA Air Cleaner, Very Large Room, HEPA Filter|Jumbo Drum|16
"Rediform Wirebound ""Phone Memo"" Message Book, 11 x 5-3/4"|Wrap Bag|5
Global Airflow Leather Mesh Back Chair, Black|Jumbo Drum|2
Logitech Cordless Elite Duo|Small Box|12
Hoover Portapower™ Portable Vacuum|Large Box|16
White Dual Perf Computer Printout Paper, 2700 Sheets, 1 Part, Heavyweight, 20 lbs., 14 7/8 x 11|Small Box|5
Avery Premier Heavy-Duty Binder with Round Locking Rings|Small Box|9
SANFORD Major Accent™ Highlighters|Wrap Bag|17
7160|Small Box|13
Dual Level, Single-Width Filing Carts|Small Box|11
3M Organizer Strips|Small Box|9
GBC Standard Plastic Binding Systems Combs|Small Box|9
Lexmark Z54se Color Inkjet Printer|Jumbo Drum|14
Newell 31|Wrap Bag|17
"GBC Twin Loop™ Wire Binding Elements, 9/16"" Spine, Black"|Small Box|9
Xerox 227|Small Box|5
Nu-Form 106-Key Ergonomic Keyboard w/ Touchpad|Small Box|12
Xerox 1989|Small Box|5
Hon 4700 Series Mobuis™ Mid-Back Task Chairs with Adjustable Arms|Jumbo Drum|2
GBC Standard Therm-A-Bind Covers|Small Box|9
Staples Premium Bright 1-Part Blank Computer Paper|Small Box|5
5165|Small Box|13
GBC ProClick Spines for 32-Hole Punch|Small Box|9
12 Colored Short Pencils|Wrap Bag|17
"Mead 1st Gear 2"" Zipper Binder, Asst. Colors"|Small Box|9
Avery 508|Small Box|10
Okidata ML520 Series Dot Matrix Printers|Jumbo Drum|14
TOPS Voice Message Log Book, Flash Format|Wrap Bag|5
Avery 48|Small Box|10
Xerox 20|Small Box|5
Boston School Pro Electric Pencil Sharpener, 1670|Small Pack|17
Electrix Halogen Magnifier Lamp|Large Box|1
Luxo Professional Fluorescent Magnifier Lamp with Clamp-Mount Base|Large Box|1
i1000|Small Box|13
Hand-Finished Solid Wood Document Frame|Small Box|1
"Executive Impressions 8-1/2"" Career Panel/Partition Cubicle Clock"|Small Pack|1
Xerox 1962|Small Box|5
Staples Vinyl Coated Paper Clips|Wrap Bag|6
Avery 492|Small Box|10
Bretford CR4500 Series Slim Rectangular Table|Jumbo Box|4
Memo Book, 100 Message Capacity, 5 3/8” x 11”|Wrap Bag|5
Polycom ViaVideo™ Desktop Video Communications Unit|Large Box|14
Newell 346|Wrap Bag|17
Avery 479|Small Box|10
Wirebound Voice Message Log Book|Wrap Bag|5
Barrel Sharpener|Small Pack|17
A1228|Small Box|13
Premier Elliptical Ring Binder, Black|Small Box|9
Sony MFD2HD Formatted Diskettes, 10/Pack|Small Pack|12
Boston 16801 Nautilus™ Battery Pencil Sharpener|Small Pack|17
Canon MP25DIII Desktop Whisper-Quiet Printing Calculator|Medium Box|14
Lexmark Z25 Color Inkjet Printer|Jumbo Drum|14
1726 Digital Answering Machine|Medium Box|13
Aluminum Document Frame|Small Pack|1
Fellowes Bases and Tops For Staxonsteel®/High-Stak® Systems|Small Box|11
Ibico Hi-Tech Manual Binding System|Small Box|9
V 3600 Series|Small Box|13
Hon 2111 Invitation™ Series Corner Table|Large Box|4
Xerox 1973|Small Box|5
Hewlett-Packard Deskjet 940 REFURBISHED Color Inkjet Printer|Jumbo Box|14
Xerox 1997|Small Box|5
Xerox 194|Small Box|5
Epson LQ-870 Dot Matrix Printer|Jumbo Drum|14
Global Leather Task Chair, Black|Jumbo Drum|2
Snap-A-Way® Black Print Carbonless Ruled Speed Letter, Triplicate|Wrap Bag|5
Accessory21|Wrap Bag|13
Microsoft Multimedia Keyboard|Small Box|12
Accessory31|Small Pack|13
Newell 338|Wrap Bag|17
Wilson Jones 14 Line Acrylic Coated Pressboard Data Binders|Small Box|9
Avery Hi-Liter® Smear-Safe Highlighters|Wrap Bag|17
Bush Westfield Collection Bookcases, Fully Assembled|Jumbo Box|3
Xerox 196|Small Box|5
Tripp Lite Isotel 8 Ultra 8 Outlet Metal Surge|Small Box|16
Fiskars® Softgrip Scissors|Small Pack|8
Xerox 1881|Small Box|5
Hammermill CopyPlus Copy Paper (20Lb. and 84 Bright)|Small Box|5
"Tensor ""Hersey Kiss"" Styled Floor Lamp"|Large Box|1
Xerox 1906|Small Box|5
Hot File® 7-Pocket, Floor Stand|Small Box|11
*Staples* vLetter Openers, 2/Pack|Wrap Bag|8
GBC White Gloss Covers, Plain Front|Small Box|9
Xerox 1995|Small Box|5
Artistic Insta-Plaque|Small Pack|1
Newell 307|Wrap Bag|17
Eureka Hand Vacuum, Bagless|Small Box|16
V3682|Small Box|13
Canon S750 Color Inkjet Printer|Jumbo Drum|14
Acco Smartsocket™ Table Surge Protector, 6 Color-Coded Adapter Outlets|Small Box|16
Assorted Color Push Pins|Wrap Bag|6
Imation 3.5 IBM Diskettes, 10/Box|Small Pack|12
GE 4 Foot Flourescent Tube, 40 Watt|Small Pack|1
300 Series Non-Flip|Small Box|13
Decoflex Hanging Personal Folder File|Small Box|11
"""While you Were Out"" Message Book, One Form per Page"|Wrap Bag|5
Tyvek ® Top-Opening Peel & Seel ® Envelopes, Gray|Small Box|7
Hewlett-Packard Deskjet 6122 Color Inkjet Printer|Jumbo Drum|14
Accessory37|Wrap Bag|13
Large Capacity Hanging Post Binders|Small Box|9
"Imation 3.5"" DS/HD IBM Formatted Diskettes, 50/Pack"|Small Pack|12
"Acco Pressboard Covers with Storage Hooks, 14 7/8"" x 11"", Light Blue"|Small Box|9
Xerox 1916|Small Box|5
Deflect-o DuraMat Antistatic Studded Beveled Mat for Medium Pile Carpeting|Large Box|1
Hon Comfortask® Task/Swivel Chairs|Jumbo Drum|2
Xerox 204|Small Box|5
"Black Print Carbonless Snap-Off® Rapid Letter, 8 1/2"" x 7"""|Wrap Bag|5
Staples Plastic Wall Frames|Small Box|1
Cardinal Holdit Business Card Pockets|Small Box|9
Fellowes PB500 Electric Punch Plastic Comb Binding Machine with Manual Bind|Small Box|9
Crate-A-Files™|Small Box|11
Staples SlimLine Pencil Sharpener|Small Pack|17
DAX Two-Tone Rosewood/Black Document Frame, Desktop, 5 x 7|Small Pack|1
Grip Seal Envelopes|Small Box|7
Staples Gold Paper Clips|Wrap Bag|6
StarTAC 7797|Small Box|13
DAX Natural Wood-Tone Poster Frame|Small Box|1
Advantus Plastic Paper Clips|Wrap Bag|6
Hewlett Packard 6S Scientific Calculator|Medium Box|14
Hon Valutask™ Swivel Chairs|Jumbo Drum|2
"6"" Cubicle Wall Clock, Black"|Small Box|1
GBC DocuBind TL300 Electric Binding System|Small Box|9
Belkin 105-Key Black Keyboard|Small Box|12
Atlantic Metals Mobile 5-Shelf Bookcases, Custom Colors|Jumbo Box|3
Avery Durable Binders|Small Box|9
Xerox 1964|Small Box|5
"Wirebound Message Books, 2 7/8"" x 5"", 3 Forms per Page"|Wrap Bag|5
Laminate Occasional Tables|Large Box|4
Staples® General Use 3-Ring Binders|Small Box|9
Zoom V.92 USB External Faxmodem|Small Box|12
Super Bands, 12/Pack|Wrap Bag|6
"Seth Thomas 8 1/2"" Cubicle Clock"|Small Box|1
252|Small Box|13
Kleencut® Forged Office Shears by Acme United Corporation|Small Pack|8
Acme® Elite Stainless Steel Scissors|Small Pack|8
Hon iLevel™ Computer Training Table|Jumbo Box|4
Recycled Premium Regency Composition Covers|Small Box|9
Brites Rubber Bands, 1 1/2 oz. Box|Wrap Bag|6
80 Minute Slim Jewel Case CD-R , 10/Pack - Staples|Small Pack|12
Acco Keyboard-In-A-Box®|Small Box|12
Hoover Commercial Soft Guard Upright Vacuum And Disposable Filtration Bags|Small Box|16
Anderson Hickey Conga Table Tops & Accessories|Jumbo Box|4
Avery Hi-Liter GlideStik Fluorescent Highlighter, Yellow Ink|Wrap Bag|17
"GE 48"" Fluorescent Tube, Cool White Energy Saver, 34 Watts, 30/Box"|Small Pack|1
M70|Small Box|13
"Pressboard Data Binder, Crimson, 12"" X 8 1/2"""|Small Box|9
8860|Small Box|13
Filing/Storage Totes and Swivel Casters|Small Box|11
"Howard Miller 16"" Diameter Gallery Wall Clock"|Small Box|1
Polycom Soundstation EX Audio-Conferencing Telephone, Black|Medium Box|14
Tenex Personal Self-Stacking Standard File Box, Black/Gray|Small Box|11
Eldon Image Series Black Desk Accessories|Small Box|1
Xerox 188|Small Box|5
Motorola SB4200 Cable Modem|Small Box|12
Accessory25|Wrap Bag|13
Okidata ML395C Color Dot Matrix Printer|Jumbo Drum|14
Southworth 25% Cotton Linen-Finish Paper & Envelopes|Small Box|5
DAX Wood Document Frame.|Wrap Bag|1
Multimedia Mailers|Small Box|7
Accessory6|Small Pack|13
Xerox 210|Small Box|5
Adams Phone Message Book, 200 Message Capacity, 8 1/16” x 11”|Wrap Bag|5
Xerox 212|Small Box|5
Smead Adjustable Mobile File Trolley with Lockable Top|Small Box|11
Computer Printout Paper with Letter-Trim Perforations|Small Box|5
Hewlett-Packard 2600DN Business Color Inkjet Printer|Jumbo Box|14
DAX Clear Channel Poster Frame|Small Box|1
SANFORD Liquid Accent™ Tank-Style Highlighters|Wrap Bag|17
SC7868i|Small Box|13
Tennsco Regal Shelving Units|Large Box|11
Belkin MediaBoard 104- Keyboard|Small Box|12
Sharp EL501VB Scientific Calculator, Battery Operated, 10-Digit Display, Hard Case|Medium Box|14
2300 Heavy-Duty Transfer File Systems by Perma|Small Box|11
OIC Thumb-Tacks|Wrap Bag|6
Lexmark Z55se Color Inkjet Printer|Jumbo Drum|14
Round Specialty Laser Printer Labels|Small Box|10
Array® Memo Cubes|Wrap Bag|5
Avery Hanging File Binders|Small Box|9
Advantus 10-Drawer Portable Organizer, Chrome Metal Frame, Smoke Drawers|Small Box|11
Advantus Push Pins|Wrap Bag|6
"Rush Hierlooms Collection 1"" Thick Stackable Bookcases"|Jumbo Box|3
Eldon ClusterMat Chair Mat with Cordless Antistatic Protection|Medium Box|1
Hoover Replacement Belt for Commercial Guardsman Heavy-Duty Upright Vacuum|Small Box|16
Companion Letter/Legal File, Black|Small Box|11
Bretford CR8500 Series Meeting Room Furniture|Jumbo Box|4
Fellowes Command Center 5-outlet power strip|Small Box|16
Verbatim DVD-RAM, 9.4GB, Rewritable, Type 1, DS, DataLife Plus|Small Pack|12
"Linden® 12"" Wall Clock With Oak Frame"|Small Box|1
Self-Adhesive Removable Labels|Small Box|10
Chromcraft Bull-Nose Wood Oval Conference Tables & Bases|Jumbo Box|4
Vinyl Sectional Post Binders|Small Box|9
"Imation 3.5"" IBM-Formatted Diskettes, 10/Pack"|Small Pack|12
Avery 494|Small Box|10
Micro Innovations Micro Digital Wireless Keyboard and Mouse, Gray|Small Box|12
Xerox 1923|Small Box|5
Balt Split Level Computer Training Table|Jumbo Box|4
"Seth Thomas 13 1/2"" Wall Clock"|Small Box|1
Global Leather & Oak Executive Chair, Burgundy|Jumbo Drum|2
GBC Laser Imprintable Binding System Covers, Desert Sand|Small Box|9
Rush Hierlooms Collection Rich Wood Bookcases|Jumbo Box|3
HP Office Recycled Paper (20Lb. and 87 Bright)|Small Box|5
5125|Small Box|13
Ibico Laser Imprintable Binding System Covers|Small Box|9
Dixon Ticonderoga Core-Lock Colored Pencils, 48-Color Set|Wrap Bag|17
Eldon® Gobal File Keepers|Small Box|11
Staples Standard Envelopes|Small Box|7
Hayes Optima 56K V.90 Internal Voice Modem|Small Box|12
"Perma STOR-ALL™ Hanging File Box, 13 1/8""W x 12 1/4""D x 10 1/2""H"|Small Box|11
Fluorescent Highlighters by Dixon|Wrap Bag|17
IBM 80 Minute CD-R Spindle, 50/Pack|Small Pack|12
Xerox 1947|Small Box|5
g520|Small Box|13
Maxell DVD-RAM Discs|Small Pack|12
GBC DocuBind 200 Manual Binding Machine|Small Box|9
Fellowes Mighty 8 Compact Surge Protector|Small Box|16
Memorex Slim 80 Minute CD-R, 10/Pack|Small Pack|12
Xerox 1996|Small Box|5
Eldon® 200 Class™ Desk Accessories, Burgundy|Small Box|1
Xerox 1888|Small Box|5
Eldon Expressions™ Desk Accessory, Wood Photo Frame, Mahogany|Small Box|1
Global Troy™ Executive Leather Low-Back Tilter|Jumbo Drum|2
DAX Solid Wood Frames|Medium Box|1
Newell 329|Wrap Bag|17
Stockwell Push Pins|Wrap Bag|6
Bevis Round Conference Table Top, X-Base|Jumbo Box|4
Avery Reinforcements for Hole-Punch Pages|Small Box|9
Polycom ViewStation™ ISDN Videoconferencing Unit|Large Box|14
GBC Clear Cover, 8-1/2 x 11, unpunched, 25 covers per pack|Small Box|9
Acme® Preferred Stainless Steel Scissors|Small Pack|8
TDK 4.7GB DVD-R Spindle, 15/Pack|Small Pack|12
600 Series Non-Flip|Small Box|13
Panasonic KX-P2130 Dot Matrix Printer|Jumbo Drum|14
Xerox 1882|Small Box|5
Letter/Legal File Tote with Clear Snap-On Lid, Black Granite|Small Box|11
Eaton Premium Continuous-Feed Paper, 25% Cotton, Letter Size, White, 1000 Shts/Box|Small Box|5
Acco® Hot Clips™ Clips to Go|Wrap Bag|6
Belkin Premiere Surge Master II 8-outlet surge protector|Small Box|16
Staples Colored Interoffice Envelopes|Small Box|7
Electrix Fluorescent Magnifier Lamps & Weighted Base|Large Box|1
636|Small Box|13
Fellowes Stor/Drawer® Steel Plus™ Storage Drawers|Small Box|11
Ibico Presentation Index for Binding Systems|Small Box|9
Xerox 207|Small Box|5
6185|Small Box|13
Accessory35|Small Box|13
Super Decoflex Portable Personal File|Small Box|11
Xerox 197|Small Box|5
StarTAC 8000|Small Box|13
3M Polarizing Light Filter Sleeves|Small Pack|1
Space Solutions™ Industrial Galvanized Steel Shelving.|Large Box|11
"Chromcraft 48"" x 96"" Racetrack Double Pedestal Table"|Jumbo Box|4
Ibico EB-19 Dual Function Manual Binding System|Small Box|9
Global Leather Executive Chair|Jumbo Drum|2
AT&T Black Trimline Phone, Model 210|Small Box|14
O'Sullivan Living Dimensions 2-Shelf Bookcases|Jumbo Box|3
Binder Clips by OIC|Wrap Bag|6
Fellowes Superior 10 Outlet Split Surge Protector|Small Box|16
Hewlett Packard LaserJet 3310 Copier|Large Box|15
Unpadded Memo Slips|Wrap Bag|5
Hon Non-Folding Utility Tables|Jumbo Drum|4
Newell 339|Wrap Bag|17
Fellowes Strictly Business® Drawer File, Letter/Legal Size|Small Box|11
Gyration Ultra Cordless Optical Suite|Small Box|12
Electrix 20W Halogen Replacement Bulb for Zoom-In Desk Lamp|Small Pack|1
Boston 1799 Powerhouse™ Electric Pencil Sharpener|Small Pack|17
Tennsco Lockers, Gray|Jumbo Drum|11
Safco Industrial Wire Shelving|Large Box|11
Xerox 23|Small Box|5
Global Enterprise Series Seating High-Back Swivel/Tilt Chairs|Jumbo Drum|2
Bevis Round Conference Table Top & Single Column Base|Jumbo Box|4
Wilson Jones DublLock® D-Ring Binders|Small Box|9
T65|Small Box|13
Lesro Sheffield Collection Coffee Table, End Table, Center Table, Corner Table|Large Box|4
DAX Cubicle Frames - 8x10|Medium Box|1
"Imation Primaris 3.5"" 2HD Unformatted Diskettes, 10/Pack"|Small Pack|12
Tyvek ® Top-Opening Peel & Seel Envelopes, Plain White|Small Box|7
Peel-Off® China Markers|Wrap Bag|17
Xerox 1984|Small Box|5
Xerox 1951|Small Box|5
Xerox 1905|Small Box|5
Advantus Rolling Storage Box|Small Box|11
Accessory9|Small Pack|13
Boston KS Multi-Size Manual Pencil Sharpener|Small Pack|17
Dixon Ticonderoga® Erasable Colored Pencil Set, 12-Color|Wrap Bag|17
Deflect-O® Glasstique™ Clear Desk Accessories|Wrap Bag|1
Acme Kleencut® Forged Steel Scissors|Small Pack|8
Eureka The Boss® Cordless Rechargeable Stick Vac|Small Box|16
Security-Tint Envelopes|Small Box|7
6162|Small Box|13
Microsoft Natural Keyboard Elite|Small Box|12
SAFCO Commercial Wire Shelving, Black|Large Box|11
Kensington 6 Outlet MasterPiece® HOMEOFFICE Power Control Center|Small Box|16
Xerox 1938|Small Box|5
GBC Plastic Binding Combs|Small Box|9
Avery 496|Small Box|10
Tripp Lite Isotel 6 Outlet Surge Protector with Fax/Modem Protection|Small Box|16
Imation Neon 80 Minute CD-R Spindle, 50/Pack|Small Pack|12
Eldon® Expressions™ Wood and Plastic Desk Accessories, Oak|Small Box|1
Bush Cubix Collection Bookcases, Fully Assembled|Jumbo Box|3
Acco Perma® 2700 Stacking Storage Drawers|Small Box|11
Dixon My First Ticonderoga Pencil, #2|Wrap Bag|17
Prang Dustless Chalk Sticks|Wrap Bag|17
Imation 3.5, DISKETTE 44766 HGHLD3.52HD/FM, 10/Pack|Small Pack|12
Accessory32|Small Pack|13
SouthWestern Bell FA970 Digital Answering Machine with Time/Day Stamp|Medium Box|13
Avery 510|Small Box|10
Dana Swing-Arm Lamps|Large Box|1
KI Conference Tables|Jumbo Box|4
Serrated Blade or Curved Handle Hand Letter Openers|Wrap Bag|8
TOPS Money Receipt Book, Consecutively Numbered in Red,|Wrap Bag|5
Xerox 1880|Small Box|5
Staples Metal Binder Clips|Wrap Bag|6
Iris Project Case|Medium Box|11
Boston 1645 Deluxe Heavier-Duty Electric Pencil Sharpener|Small Pack|17
Honeywell Enviracaire Portable HEPA Air Cleaner for 17' x 22' Room|Large Box|16
US Robotics 56K V.92 Internal PCI Faxmodem|Small Box|12
Xerox 1941|Small Box|5
O'Sullivan Cherrywood Estates Traditional Barrister Bookcase|Jumbo Box|3
Gyration Ultra Professional Cordless Optical Suite|Small Box|12
Xerox 1932|Small Box|5
4009® Highlighters by Sanford|Wrap Bag|17
Quartet Alpha® White Chalk, 12/Pack|Wrap Bag|17
Kensington 6 Outlet SmartSocket Surge Protector|Small Box|16
Bevis Boat-Shaped Conference Table|Jumbo Box|4
File Shuttle II and Handi-File, Black|Small Box|11
Hon 2090 “Pillow Soft” Series Mid Back Swivel/Tilt Chairs|Jumbo Drum|2
"Imation 3.5"" DS-HD Macintosh Formatted Diskettes, 10/Pack"|Small Pack|12
"Wilson Jones Elliptical Ring 3 1/2"" Capacity Binders, 800 sheets"|Small Box|9
Rogers® Profile Extra Capacity Storage Tub|Small Box|11
G.E. Longer-Life Indoor Recessed Floodlight Bulbs|Small Pack|1
Wirebound Four 2-3/4 x 5 Forms per Page, 400 Sets per Book|Wrap Bag|5
Xerox 231|Small Box|5
Avery 506|Small Box|10
Universal Premium White Copier/Laser Paper (20Lb. and 87 Bright)|Small Box|5
Premium Writing Pencils, Soft, #2 by Central Association for the Blind|Wrap Bag|17
Eldon Expressions Punched Metal & Wood Desk Accessories, Black & Cherry|Small Box|1
Avery 501|Small Box|10
"REDIFORM Incoming/Outgoing Call Register, 11"" X 8 1/2"", 100 Messages"|Wrap Bag|5
Acme® Office Executive Series Stainless Steel Trimmers|Small Pack|8
PC Concepts 116 Key Quantum 3000 Keyboard|Small Box|12
Wausau Papers Astrobrights® Colored Envelopes|Small Box|7
Newell 335|Wrap Bag|17
Eldon Cleatmat Plus™ Chair Mats for High Pile Carpets|Medium Box|1
StarTAC Analog|Small Box|13
Fellowes Mobile Numeric Keypad, Graphite|Small Box|12
Global Push Button Manager's Chair, Indigo|Jumbo Drum|2
BPI Conference Tables|Jumbo Box|4
Avery 514|Small Box|10
Maxell Pro 80 Minute CD-R, 10/Pack|Small Pack|12
Staples Brown Kraft Recycled Clasp Envelopes|Small Box|7
Eldon Executive Woodline II Cherry Finish Desk Accessories|Small Box|1
Xerox 1922|Small Box|5
Logitech Access Keyboard|Small Box|12
Xerox 1929|Small Box|5
Lexmark 4227 Plus Dot Matrix Printer|Jumbo Drum|14
Catalog Binders with Expanding Posts|Small Box|9
Decoflex Hanging Personal Folder File, Blue|Small Box|11
Fellowes Super Stor/Drawer®|Small Box|11
Novimex Swivel Fabric Task Chair|Jumbo Drum|2
Eldon Portable Mobile Manager|Medium Box|11
Accessory27|Small Box|13
VTech VT20-2481 2.4GHz Two-Line Phone System w/Answering Machine|Medium Box|13
Eldon Expressions Mahogany Wood Desk Collection|Small Box|1
Xerox 1954|Small Box|5
KF 788|Small Box|13
Heavy-Duty E-Z-D® Binders|Small Box|9
Jet-Pak Recycled Peel 'N' Seal Padded Mailers|Small Box|7
Personal Creations™ Ink Jet Cards and Labels|Small Box|5
Targus USB Numeric Keypad|Small Box|12
Fellowes PB300 Plastic Comb Binding Machine|Small Box|9
Colored Envelopes|Small Box|7
"Imation 3.5"" DS/HD IBM Formatted Diskettes, 10/Pack"|Small Pack|12
LX 677|Small Box|13
Advantus Push Pins, Aluminum Head|Wrap Bag|6
X-Rack™ File for Hanging Folders|Small Box|11
Peel & Stick Add-On Corner Pockets|Small Box|9
Xerox 21|Small Box|5
Avery 487|Small Box|10
Quartet Omega® Colored Chalk, 12/Pack|Wrap Bag|17
Microsoft Natural Multimedia Keyboard|Small Box|12
GBC DocuBind 300 Electric Binding Machine|Small Box|9
Portfile® Personal File Boxes|Small Box|11
Staples Surge Protector 6 outlet|Small Box|16
Avery 482|Small Box|10
Hon GuestStacker Chair|Jumbo Drum|2
Trav-L-File Heavy-Duty Shuttle II, Black|Small Box|11
BOSTON® Ranger® #55 Pencil Sharpener, Black|Small Box|17
Hewlett-Packard Deskjet 3820 Color Inkjet Printer|Jumbo Drum|14
Avery 485|Small Box|10
i270|Small Box|13
Imation DVD-RAM discs|Small Pack|12
Letter Size Cart|Small Box|11
GBC DocuBind TL200 Manual Binding Machine|Small Box|9
Global Commerce™ Series High-Back Swivel/Tilt Chairs|Jumbo Drum|2
Fellowes Personal Hanging Folder Files, Navy|Small Box|11
Hunt BOSTON® Vista® Battery-Operated Pencil Sharpener, Black|Small Pack|17
TI 36X Solar Scientific Calculator|Medium Box|14
Eldon Simplefile® Box Office®|Medium Box|11
Newell 308|Wrap Bag|17
Accessory17|Wrap Bag|13
8890|Small Box|13
12-1/2 Diameter Round Wall Clock|Small Box|1
Regeneration Desk Collection|Small Box|1
TimeportP7382|Small Box|13
Newell 340|Wrap Bag|17
Xerox 1991|Small Box|5
T60|Small Box|13
TI 30X Scientific Calculator|Medium Box|14
"Executive Impressions 13-1/2"" Indoor/Outdoor Wall Clock"|Small Pack|1
"Executive Impressions 14"" Contract Wall Clock"|Small Pack|1
"Avery® 3 1/2"" Diskette Storage Pages, 10/Pack"|Small Box|9
"Bevis Round Bullnose 29"" High Table Top"|Jumbo Box|4
Ibico EPK-21 Electric Binding System|Small Box|9
"Career Cubicle Clock, 8 1/4"", Black"|Small Box|1
Hammermill Color Copier Paper (28Lb. and 96 Bright)|Small Box|5
5170i|Small Box|13
Revere Boxed Rubber Bands by Revere|Wrap Bag|6
Newell 326|Wrap Bag|17
Lumber Crayons|Wrap Bag|17
Iris® 3-Drawer Stacking Bin, Black|Small Box|11
Storex DuraTech Recycled Plastic Frosted Binders|Small Box|9
Ultra Commercial Grade Dual Valve Door Closer|Wrap Bag|1
Acco 6 Outlet Guardian Premium Surge Suppressor|Small Box|16
Sanford Liquid Accent Highlighters|Wrap Bag|17
*Staples* Packaging Labels|Small Box|10
Bevis Steel Folding Chairs|Jumbo Drum|2
Xerox 1917|Small Box|5
Novimex Turbo Task Chair|Jumbo Drum|2
HP Office Paper (20Lb. and 87 Bright)|Small Box|5
Hewlett-Packard Deskjet 1220Cse Color Inkjet Printer|Jumbo Box|14
Accessory15|Small Pack|13
Hunt Boston® Vacuum Mount KS Pencil Sharpener|Small Box|17
Desktop 3-Pocket Hot File®|Small Box|11
Global Leather Highback Executive Chair with Pneumatic Height Adjustment, Black|Jumbo Drum|2
Post-it® “Important Message” Note Pad, Neon Colors, 50 Sheets/Pad|Wrap Bag|5
Xerox 216|Small Box|5
Eldon Antistatic Chair Mats for Low to Medium Pile Carpets|Large Box|1
Fellowes Binding Cases|Small Box|9
StarTAC 7760|Small Box|13
Sanford EarthWrite® Recycled Pencils, Medium Soft, #2|Wrap Bag|17
Canon PC1080F Personal Copier|Large Box|15
Holmes Harmony HEPA Air Purifier for 17 x 20 Room|Medium Box|16
XtraLife® ClearVue™ Slant-D® Ring Binders by Cardinal|Small Box|9
Binney & Smith inkTank™ Erasable Pocket Highlighter, Chisel Tip, Yellow|Wrap Bag|17
Deflect-o RollaMat Studded, Beveled Mat for Medium Pile Carpeting|Medium Box|1
Hon Rectangular Conference Tables|Jumbo Box|4
GBC Standard Plastic Binding Systems' Combs|Small Box|9
Wilson Jones Impact Binders|Small Box|9
Fellowes Recycled Storage Drawers|Small Box|11
3M Polarizing Task Lamp with Clamp Arm, Light Gray|Large Box|1
Boston Model 1800 Electric Pencil Sharpener, Gray|Small Pack|17
Boston 1730 StandUp Electric Pencil Sharpener|Small Pack|17
AT&T 2230 Dual Handset Phone With Caller ID/Call Waiting|Small Box|14
Balt Solid Wood Rectangular Table|Jumbo Box|4
Sanford 52201 APSCO Electric Pencil Sharpener|Small Pack|17
Prang Colored Pencils|Wrap Bag|17
Economy Rollaway Files|Small Box|11
Deflect-o EconoMat Studded, No Bevel Mat for Low Pile Carpeting|Medium Box|1
"#10- 4 1/8"" x 9 1/2"" Recycled Envelopes"|Small Box|7
DAX Value U-Channel Document Frames, Easel Back|Medium Box|1
6120|Small Box|13
"Telephone Message Books with Fax/Mobile Section, 4 1/4"" x 6"""|Wrap Bag|5
Tenex Personal Project File with Scoop Front Design, Black|Small Box|11
Talkabout T8097|Small Box|13
Surelock™ Post Binders|Small Box|9
Panasonic KP-310 Heavy-Duty Electric Pencil Sharpener|Small Pack|17
Xerox 1892|Small Box|5
Chromcraft Bull-Nose Wood Round Conference Table Top, Wood Base|Jumbo Box|4
Memorex 80 Minute CD-R Spindle, 100/Pack|Small Pack|12
Avery Heavy-Duty EZD ™ Binder With Locking Rings|Small Box|9
"Wirebound Service Call Books, 5 1/2"" x 4"""|Wrap Bag|5
"Iceberg OfficeWorks 42"" Round Tables"|Jumbo Box|4
Zoom V.92 V.44 PCI Internal Controllerless FaxModem|Small Box|12
GBC Recycled Grain Textured Covers|Small Box|9
Panasonic KP-350BK Electric Pencil Sharpener with Auto Stop|Small Pack|17
GBC ProClick™ 150 Presentation Binding System|Small Box|9
Fellowes Smart Surge Ten-Outlet Protector, Platinum|Small Box|16
Fellowes Neat Ideas® Storage Cubes|Large Box|11
Southworth Structures Collection™|Small Box|5
Micro Innovations 104 Keyboard|Small Box|12
O'Sullivan 3-Shelf Heavy-Duty Bookcases|Jumbo Box|3
Park Ridge™ Embossed Executive Business Envelopes|Small Box|7
Deflect-o Glass Clear Studded Chair Mats|Medium Box|1
Xerox 1961|Small Box|5
Novimex Fabric Task Chair|Jumbo Drum|2
"1.7 Cubic Foot Compact ""Cube"" Office Refrigerators"|Jumbo Drum|16
Newell 336|Wrap Bag|17
Verbatim DVD-R, 3.95GB, SR, Mitsubishi Branded, Jewel|Small Pack|12
Wilson Jones Suede Grain Vinyl Binders|Small Box|9
Fellowes Officeware™ Wire Shelving|Large Box|11
Xerox 19|Small Box|5
Newell 342|Wrap Bag|17
EcoTones® Memo Sheets|Wrap Bag|5
GBC VeloBinder Strips|Small Box|9
Xerox 1936|Small Box|5
SAFCO Arco Folding Chair|Large Box|2
StarTAC 3000|Small Box|13
6160|Small Box|13
Okidata Pacemark 4410N Wide Format Dot Matrix Printer|Jumbo Box|14
Prismacolor Color Pencil Set|Wrap Bag|17
Dixon Prang® Watercolor Pencils, 10-Color Set with Brush|Wrap Bag|17
Fuji Slim Jewel Case CD-R|Small Pack|12
Belkin 6 Outlet Metallic Surge Strip|Small Box|16
Xerox 1952|Small Box|5
Wilson Jones® Four-Pocket Poly Binders|Small Box|9
Xerox Blank Computer Paper|Small Box|5
Storex Dura Pro™ Binders|Small Box|9
270c|Small Box|13
Global Adaptabilities™ Conference Tables|Jumbo Box|4
Tenex Antistatic Computer Chair Mats|Medium Box|1
Xerox 1898|Small Box|5
210 Trimline Phone, White|Medium Box|14
"Seth Thomas 14"" Putty-Colored Wall Clock"|Small Box|1
Avery 49|Small Box|10
Imation 3.5 IBM Formatted Diskettes, 10/Box|Small Pack|12
"Acco PRESSTEX® Data Binder with Storage Hooks, Dark Blue, 14 7/8"" X 11"""|Small Box|9
"1/4 Fold Party Design Invitations & White Envelopes, 24 8-1/2"" X 11"" Cards, 25 Env./Pack"|Small Box|5
KH 688|Small Box|13
Chromcraft Rectangular Conference Tables|Jumbo Box|4
Hoover Replacement Belts For Soft Guard™ & Commercial Ltweight Upright Vacs, 2/Pk|Small Box|16
Ibico Ibimaster 300 Manual Binding System|Small Box|9
Xerox 200|Small Box|5
DMI Eclipse Executive Suite Bookcases|Jumbo Box|3
Bush Heritage Pine Collection 5-Shelf Bookcase, Albany Pine Finish, *Special Order|Jumbo Box|3
Bush® Cubix Conference Tables, Fully Assembled|Jumbo Box|4
Staples Pen Style Liquid Stix; Assorted (yellow, pink, green, blue, orange), 5/Pack|Wrap Bag|17
Staples Vinyl Coated Paper Clips, 800/Box|Wrap Bag|6
Hewlett-Packard 4.7GB DVD+R Discs|Small Pack|12
Belkin 8 Outlet SurgeMaster II Gold Surge Protector|Small Box|16
Verbatim DVD-R, 4.7GB, Spindle, WE, Blank, Ink Jet/Thermal, 20/Spindle|Small Pack|12
Brother DCP1000 Digital 3 in 1 Multifunction Machine|Large Box|15
Home/Office Personal File Carts|Small Box|11
Dixon Ticonderoga Core-Lock Colored Pencils|Wrap Bag|17
Space Solutions Commercial Steel Shelving|Large Box|11
Boston 16765 Mini Stand Up Battery Pencil Sharpener|Small Pack|17
Zebra Zazzle Fluorescent Highlighters|Wrap Bag|17
"Dana Fluorescent Magnifying Lamp, White, 36"""|Large Box|1
Holmes Cool Mist Humidifier for the Whole House with 8-Gallon Output per Day, Extended Life Filter|Medium Box|16
Bagged Rubber Bands|Wrap Bag|6
Eureka Sanitaire ® Multi-Pro Heavy-Duty Upright, Disposable Bags|Small Box|16
CF 688|Small Box|13
Steel Personal Filing/Posting Tote|Small Box|11
Fellowes Twister Kit, Gray/Clear, 3/pkg|Small Box|9
Adams Telephone Message Books, 5 1/4” x 11”|Wrap Bag|5
Fellowes Smart Design 104-Key Enhanced Keyboard, PS/2 Adapter, Platinum|Small Box|12
Wilson Jones Custom Binder Spines & Labels|Small Box|9
Xerox 1883|Small Box|5
Southworth 25% Cotton Premium Laser Paper and Envelopes|Small Box|5
Angle-D Binders with Locking Rings, Label Holders|Small Box|9
Hewlett-Packard Deskjet 5550 Color Inkjet Printer|Jumbo Drum|14
Letter Slitter|Wrap Bag|8
3390|Small Box|13
Avery 507|Small Box|10
Acco Smartsocket® Color-Coded Six-Outlet AC Adapter Model Surge Protectors|Small Box|16
Eldon Pizzaz™ Desk Accessories|Small Pack|1
Wirebound Message Forms, Four 2 3/4 x 5 Forms per Page, Pink Paper|Wrap Bag|5
Lifetime Advantage™ Folding Chairs, 4/Carton|Large Box|2
600 Series Flip|Small Box|13
Master Caster Door Stop, Brown|Wrap Bag|1
Belkin ErgoBoard™ Keyboard|Small Box|12
36X48 HARDFLOOR CHAIRMAT|Medium Box|1
Sanford Pocket Accent® Highlighters|Wrap Bag|17
Xerox 1950|Small Box|5
Multi-Use Personal File Cart and Caster Set, Three Stacking Bins|Small Box|11
"Acco PRESSTEX® Data Binder with Storage Hooks, Dark Blue, 9 1/2"" X 11"""|Small Box|9
Office Star Flex Back Scooter Chair with Aluminum Finish Frame|Jumbo Drum|2
Eldon Shelf Savers™ Cubes and Bins|Small Box|11
TDK 4.7GB DVD-R|Small Pack|12
DAX Copper Panel Document Frame, 5 x 7 Size|Small Box|1
"Avery Trapezoid Extra Heavy Duty 4"" Binders"|Small Box|9
Eldon Radial Chair Mat for Low to Medium Pile Carpets|Wrap Bag|1
Model L Table or Wall-Mount Pencil Sharpener|Small Box|17
Hon Metal Bookcases, Black|Jumbo Box|3
Hewlett-Packard Business Color Inkjet 3000 [N, DTN] Series Printers|Jumbo Drum|14
Xerox 217|Small Box|5
Bionaire 99.97% HEPA Air Cleaner|Medium Box|16
Hewlett-Packard cp1700 [D, PS] Series Color Inkjet Printers|Jumbo Drum|14
Xerox 1930|Small Box|5
Sharp AL-1530CS Digital Copier|Large Box|15
Hon 4070 Series Pagoda™ Round Back Stacking Chairs|Jumbo Drum|2
Bevis Rectangular Conference Tables|Jumbo Box|4
"Fiskars 8"" Scissors, 2/Pack"|Small Pack|8
Canon PC940 Copier|Large Box|15
DIXON Ticonderoga® Erasable Checking Pencils|Wrap Bag|17
i1000plus|Small Box|13
2190|Small Box|13
"Tenex 46"" x 60"" Computer Anti-Static Chairmat, Rectangular Shaped"|Medium Box|1
