Order ID|Status
45539|Returned
88548|Returned
91416|Returned
88824|Returned
91122|Returned
53953|Returned
38852|Returned
14115|Returned
86545|Returned
11712|Returned
89202|Returned
90934|Returned
86268|Returned
88974|Returned
88646|Returned
86886|Returned
59937|Returned
53153|Returned
88372|Returned
88825|Returned
90502|Returned
88958|Returned
359|Returned
86092|Returned
86189|Returned
86279|Returned
88387|Returned
86466|Returned
34017|Returned
91492|Returned
87077|Returned
86181|Returned
87554|Returned
24294|Returned
91130|Returned
87619|Returned
89777|Returned
89095|Returned
21958|Returned
89096|Returned
91286|Returned
90859|Returned
87316|Returned
86815|Returned
90120|Returned
87031|Returned
85835|Returned
89059|Returned
88727|Returned
28647|Returned
42599|Returned
87824|Returned
35200|Returned
86051|Returned
87005|Returned
88571|Returned
28225|Returned
87079|Returned
89426|Returned
87900|Returned
89211|Returned
86369|Returned
87579|Returned
3332|Returned
17636|Returned
91488|Returned
23751|Returned
86687|Returned
89140|Returned
89849|Returned
90145|Returned
89961|Returned
86655|Returned
86250|Returned
19042|Returned
88267|Returned
89941|Returned
86052|Returned
87285|Returned
90662|Returned
89440|Returned
87772|Returned
91316|Returned
88857|Returned
88612|Returned
89258|Returned
89686|Returned
89848|Returned
86949|Returned
50656|Returned
86796|Returned
87374|Returned
87296|Returned
91438|Returned
87954|Returned
13959|Returned
90685|Returned
87195|Returned
86795|Returned
87161|Returned
91263|Returned
88198|Returned
86145|Returned
86899|Returned
89176|Returned
90301|Returned
87298|Returned
91496|Returned
90185|Returned
86010|Returned
91437|Returned
87110|Returned
87365|Returned
27456|Returned
89166|Returned
34882|Returned
40997|Returned
90031|Returned
90461|Returned
88371|Returned
86528|Returned
7623|Returned
91388|Returned
88444|Returned
87425|Returned
89054|Returned
86754|Returned
90314|Returned
90473|Returned
11206|Returned
36452|Returned
87934|Returned
88881|Returned
90675|Returned
90405|Returned
91030|Returned
85858|Returned
90002|Returned
87813|Returned
87633|Returned
87630|Returned
91415|Returned
91363|Returned
88240|Returned
89284|Returned
86041|Returned
88783|Returned
86567|Returned
90630|Returned
87087|Returned
91036|Returned
90362|Returned
86546|Returned
90589|Returned
87933|Returned
86267|Returned
90361|Returned
89389|Returned
89836|Returned
87194|Returned
87915|Returned
88448|Returned
38087|Returned
88173|Returned
90239|Returned
89981|Returned
87846|Returned
88941|Returned
91261|Returned
89083|Returned
86384|Returned
86591|Returned
86310|Returned
90043|Returned
86427|Returned
89025|Returned
88268|Returned
89147|Returned
90121|Returned
89433|Returned
88425|Returned
9285|Returned
91209|Returned
87888|Returned
40224|Returned
88794|Returned
91277|Returned
86957|Returned
90750|Returned
90985|Returned
89434|Returned
90449|Returned
87187|Returned
87536|Returned
88657|Returned
90059|Returned
86382|Returned
88004|Returned
88060|Returned
87530|Returned
90337|Returned
91297|Returned
88971|Returned
85833|Returned
87272|Returned
88729|Returned
87965|Returned
90854|Returned
90952|Returned
90011|Returned
86611|Returned
87634|Returned
89869|Returned
87940|Returned
86432|Returned
29319|Returned
88544|Returned
87765|Returned
90271|Returned
87908|Returned
87396|Returned
87042|Returned
89730|Returned
87889|Returned
88836|Returned
86258|Returned
88726|Returned
88685|Returned
88870|Returned
21636|Returned
13606|Returned
88136|Returned
89240|Returned
9606|Returned
90525|Returned
86411|Returned
90378|Returned
89879|Returned
88278|Returned
86887|Returned
88101|Returned
41793|Returned
86868|Returned
87043|Returned
91244|Returned
14596|Returned
86556|Returned
91167|Returned
90354|Returned
88298|Returned
90069|Returned
89787|Returned
86791|Returned
89008|Returned
88411|Returned
87678|Returned
87286|Returned
90814|Returned
89819|Returned
91432|Returned
39430|Returned
90338|Returned
86885|Returned
89726|Returned
88418|Returned
91584|Returned
89093|Returned
88890|Returned
87953|Returned
89018|Returned
91481|Returned
86753|Returned
87452|Returned
89129|Returned
91583|Returned
86077|Returned
86574|Returned
14785|Returned
89810|Returned
90040|Returned
89994|Returned
91398|Returned
90815|Returned
89375|Returned
89775|Returned
86565|Returned
87357|Returned
88554|Returned
90492|Returned
90160|Returned
89148|Returned
86813|Returned
86544|Returned
86422|Returned
90538|Returned
90104|Returned
90264|Returned
86951|Returned
90532|Returned
87909|Returned
